Id,OrderItemNumber,Sales_Price__c,Sales_Transport__c,Sales_Tonnage_charge_thereafter__c
8024H00000R9ibmQAB,0000027202,243.4357,,
8024H00000R9ibpQAB,0000027205,292.95,,156.45
8024H00000R9icHQAR,0000027233,320.2403,,
8024H00000R9icIQAR,0000027234,158.469675,,207.229575
8024H00000R9icJQAR,0000027235,153.9195,,56.175
8024H00000R9icKQAR,0000027236,150.9235,,
8024H00000R9icLQAR,0000027237,158.469675,,
8024H00000R9icMQAR,0000027238,198.3887,,
8024H00000R9icNQAR,0000027239,158.469675,,
8024H00000R9icOQAR,0000027240,79.5224,,
8024H00000R9icPQAR,0000027241,63.8576,,
8024H00000R9m8YQAR,0000027421,,,
8024H00000R9m8ZQAR,0000027422,374.7889,,
8024H00000R9m8aQAB,0000027423,19.3242,,222.56
8024H00000R9m8bQAB,0000027424,17.5694,,183.612
8024H00000R9m8cQAB,0000027425,,,
8024H00000R9m8dQAB,0000027426,,,
8024H00000R9m8eQAB,0000027427,,,
8024H00000RAq8eQAD,0000028783,,176.015,
8024H00000RB1ifQAD,0000028948,1.1,,
8024H00000RB4qvQAD,0000029045,,104.99,
8024H00000QDTOCQA5,0000031683,,0.0,
8024H00000TJ5pRQAT,0000035116,,,26.817945
8024H00000TJ9ViQAL,0000035141,648.9764,,267.0185
8024H00000TJ9VjQAL,0000035142,73.13985,,
8024H00000TJ9dkQAD,0000035143,,159.8794,
8024H00000TKJr3QAH,0000035959,455.7,,455.7
8024H00000TMpPQQA1,0000038269,,,89.3985
8028e000000wlncAAA,0000040908,900.0,,225.0
8028e000000mcadAAA,0000046811,75.0,,
8028e000000mcaeAAA,0000046812,710.0,,
8028e000000mcafAAA,0000046813,420.0,,
8028e000000mcagAAA,0000046814,,200.0,
8028e000000mcahAAA,0000046815,520.0,,175.0
8028e000000mcaiAAA,0000046816,299.25,,
8028e000000mcajAAA,0000046817,63.0,,
8028e000000mcakAAA,0000046818,73.5,,
8028e000001gwv7AAA,0000049056,278.25,,
8028e000001wfMlAAI,0000049554,34.3791,,34.3791
8028e000004lYDPAA2,0000053668,65.0,,
8028e000004lYDQAA2,0000053669,402.9,,
8028e000005Ley3AAC,0000054455,,,
8028e000005Ley4AAC,0000054456,265.0,,
8028e000005Ley5AAC,0000054457,345.0,,
8028e000006LRqhAAG,0000055686,240.75,,
8028e000006RWilAAG,0000055748,31.5,,31.5
8028e0000088oxDAAQ,0000057854,818.0,,
8028e0000088oxEAAQ,0000057855,530.0,,
8028e000008BI7oAAG,0000057957,3500.0,,
8028e000008Pb6DAAS,0000058169,591.5388,,199.7262
8028e000008Pb6EAAS,0000058170,,202.23,
8028e000000CWYlAAO,0000058644,883.0,,
8028e0000095pAEAAY,0000058861,,170.0,
802Sj0000001PR0IAM,0000059428,0.0,,
802Sj000000HTFJIA4,0000060291,278.2,,32.1
802Sj000000HTFKIA4,0000060292,278.2,,32.1
802Sj000000HlKHIA0,0000060338,679.45,,149.8
802Sj000000HlKIIA0,0000060339,224.7,,
802Sj000000p30gIAA,0000062438,187.0,,87.0
802Sj000000p30hIAA,0000062439,390.0,,
802Sj000000p30iIAA,0000062440,,,
802Sj000000uAZOIA2,0000062634,177.0,,
802Sj000000uAZPIA2,0000062635,45.0,,
802Sj0000014i9xIAA,0000062897,428.0,,
802Sj000001MVRBIA4,0000063333,326.35,,
802Sj000001MVRCIA4,0000063334,262.15,,
802Sj000001MVRDIA4,0000063335,,187.25,
802Sj000001NOAmIAO,0000063370,120.0,,
802Sj000001bDygIAE,0000063806,12.84,,
802Sj000001bDyhIAE,0000063807,7.9715,,200.625
802Sj000001bDyiIAE,0000063808,14.0705,,200.9995
802Sj000001bDyjIAE,0000063809,440.84,,
802Sj000001bDykIAE,0000063810,353.1,,
802Sj000001bDylIAE,0000063811,440.84,,
802Sj000001bDymIAE,0000063812,,177.0,
802Sj000001bDynIAE,0000063813,629.16,,149.8
802Sj000001bUcfIAE,0000063818,412.0,,
802Sj000001eNwbIAE,0000063931,330.0,,
802Sj000001gyIXIAY,0000064018,428.0,,
802Sj000001gyIYIAY,0000064019,12.84,,
802Sj000001gyIZIAY,0000064020,7.9715,,160.3502
802Sj000001gyIaIAI,0000064021,14.0705,,187.6031
802Sj000001gt2rIAA,0000064022,416.23,,
802Sj000001gt2sIAA,0000064023,9.309,,200.625
802Sj000001gt2tIAA,0000064024,12.84,,
802Sj000001gt2uIAA,0000064025,13.91,,
802Sj000001gt2vIAA,0000064026,314.58,,
802Sj000001h0NZIAY,0000064027,424.0,,
802Sj000001hAYHIA2,0000064045,17.655,,195.9277
802Sj000001hAYIIA2,0000064046,13.91,,
802Sj000001hAYJIA2,0000064047,14.0705,,200.9995
802Sj000001hAYKIA2,0000064048,12.84,,
802Sj000001hAYLIA2,0000064049,13.375,,
802Sj000001hAYMIA2,0000064050,262.15,,
802Sj000001hAYNIA2,0000064051,3.21,,
802Sj000001ijvJIAQ,0000064090,314.58,,
802Sj000001ijvKIAQ,0000064091,264.29,,
802Sj000001ijvLIAQ,0000064092,13.91,,198.7097
802Sj000001ijvMIAQ,0000064093,17.655,,195.9277
802Sj000001mXihIAE,0000064114,17.655,,195.9277
802Sj000001mXiiIAE,0000064115,13.91,,249.6631
802Sj000001mXijIAE,0000064116,14.0705,,252.5307
802Sj000001mXikIAE,0000064117,13.91,,
802Sj000001mvl0IAA,0000064121,13.91,,
802Sj000001mvl1IAA,0000064122,14.445,,206.3495
802Sj000001mvl2IAA,0000064123,17.655,,195.9277
802Sj000001mvl3IAA,0000064124,12.84,,
802Sj000001mvl4IAA,0000064125,262.15,,
802Sj000001mvl5IAA,0000064126,0.0,,
802Sj000001mvl6IAA,0000064127,428.0,,
802Sj000001n3U1IAI,0000064128,14.0705,,200.9995
802Sj000001n3U2IAI,0000064129,13.91,,
802Sj000001n28BIAQ,0000064130,12.84,,
802Sj000001n28CIAQ,0000064131,14.0705,,200.9995
802Sj000001n28DIAQ,0000064132,13.91,,
802Sj000001n7mAIAQ,0000064137,12.84,,
802Sj000001n7mBIAQ,0000064138,14.0705,,200.9995
802Sj000001n7mCIAQ,0000064139,13.91,,
802Sj000001n7mDIAQ,0000064140,17.655,,214.0
802Sj000001vMo1IAE,0000064296,416.23,,
802Sj000001vMo2IAE,0000064297,314.58,,
802Sj000001x0GSIAY,0000064351,389.0,,
802Sj000001xSJ5IAM,0000064366,442.0,,
802Sj000001xSJ6IAM,0000064367,416.23,,
802Sj0000020720IAA,0000064448,,202.23,
802Sj0000027vjaIAA,0000064633,267.5,,
802Sj000002I1irIAC,0000064883,10.165,,
802Sj000002I1isIAC,0000064884,14.0705,,
802Sj000002PeU9IAK,0000065064,315.65,,20.33
802Sj000002PZStIAO,0000065067,353.1,,
802Sj000002ZasHIAS,0000065273,0.0,,
802Sj000002grgKIAQ,0000065387,45.0,,
802Sj000002grgLIAQ,0000065388,290.0,,
802Sj000002xM0AIAU,0000065696,15.515,,256.3399
802Sj000002xM0BIAU,0000065697,12.84,,
802Sj000003fcAsIAI,0000066463,13.91,,249.6631
802Sj000003fcAtIAI,0000066464,14.0705,,252.5307
802Sj000004BCgKIAW,0000067051,224.7,,
802Sj000004BCgLIAW,0000067052,230.05,,
802Sj000004BCgMIAW,0000067053,230.05,,
802Sj000004BCgNIAW,0000067054,230.05,,
802Sj000004BCgOIAW,0000067055,224.7,,
802Sj000004BCgPIAW,0000067056,203.3,,
802Sj000004BCgQIAW,0000067057,64.2,,
802Sj000004MHeFIAW,0000067250,0.0,,
802Sj0000056UOjIAM,0000068259,428.0,,
802Sj000005BIA1IAO,0000068336,160.5,,
802Sj000005BGrOIAW,0000068337,160.5,,
802Sj000005BGrPIAW,0000068338,74.9,,
802Sj000005BGrQIAW,0000068339,133.75,,
802Sj000005BNPpIAO,0000068341,160.5,,
802Sj000005BJCYIA4,0000068342,160.5,,
802Sj000005BNxhIAG,0000068343,160.5,,
802Sj000005Mn0pIAC,0000068603,497.55,,288.9
802Sj000005SXKkIAO,0000068753,272.85,,
802Sj000005TYcyIAG,0000068774,264.29,,
802Sj000005tx1NIAQ,0000069398,481.5,,
802Sj000006q3wDIAQ,0000071313,299.6,,
802Sj000006q3wEIAQ,0000071314,178.69,,
802Sj000006q3wFIAQ,0000071315,42.8,,
802Sj000006q3wGIAQ,0000071316,53.5,,
802Sj0000089HMsIAM,0000073398,440.0,,220.0
802Sj0000089HMtIAM,0000073399,1275.0,,
802Sj000008FS4HIAW,0000073532,90.95,,90.95
802Sj000008FrCHIA0,0000073551,197.95,,
802Sj000008FrCIIA0,0000073552,406.6,,
802Sj000008HE3bIAG,0000073579,722.25,,230.05
802Sj000008HE3cIAG,0000073580,214.0,,
802Sj000008cH3KIAU,0000074053,80.25,,
802Sj000008cH3LIAU,0000074054,107.0,,
802Sj000008cH3MIAU,0000074055,31.03,,31.03
802Sj000008uvYTIAY,0000075286,114.49,,
802Sj000008uvYUIAY,0000075287,256.8,,
802Sj000009ctXlIAI,0000076736,48.0,,
802Sj000009cuOzIAI,0000076745,48.0,,
802Sj00000A4PlGIAV,0000077636,150.0,,
802Sj00000ABO1FIAX,0000077881,575.0,,369.0
802Sj00000ABO1GIAX,0000077882,20.0,,
802Sj00000ABO1HIAX,0000077883,80.0,,
802Sj00000AR2OBIA1,0000078213,285.0,,
802Sj00000BY6KwIAL,0000079923,488.0,,
802Sj00000BkxtCIAR,0000080893,468.0,,
802Sj00000C2AsRIAV,0000081222,171.0,,
802Sj00000CJbWQIA1,0000081451,440.0,,110.0
802Sj00000CY9pxIAD,0000081627,269.0,,
802Sj00000DtDN5IAN,0000082934,507.0,,
802Sj00000E76BtIAJ,0000083056,125.0,,
802Sj00000E76BuIAJ,0000083057,40.0,,
802Sj00000E76BvIAJ,0000083058,20.0,,
802Sj00000E76BwIAJ,0000083059,26.0,,
802Sj00000F5JRIIA3,0000084082,264.0,,
802Sj00000FhmWzIAJ,0000086322,400.0,,
802Sj00000FhmX0IAJ,0000086323,120.0,,
802Sj00000FhmX1IAJ,0000086324,36.0,,
802Sj00000FhmX2IAJ,0000086325,312.0,,
802Sj00000FhmX3IAJ,0000086326,0.0,,
802Sj00000FjkSgIAJ,0000086417,85.0,0.0,85.0
802Sj00000FmJNtIAN,0000086466,0.0,,
802Sj00000FmJNuIAN,0000086467,1095.0,,
802Sj00000FmJNvIAN,0000086468,2745.0,,
8024H00000R9VerQAF,0000026654,128.0683,,128.0683
8024H00000R9VesQAF,0000026655,,,9.8012
8024H00000R9VetQAF,0000026656,,,9.8012
8024H00000R9ibfQAB,0000027195,,,
8024H00000R9ic4QAB,0000027220,,,154.4117
8024H00000R9ic5QAB,0000027221,,,118.4169
8024H00000R9ic6QAB,0000027222,,,6.9657
8024H00000R9ic7QAB,0000027223,,,11.6095
8024H00000R9ic8QAB,0000027224,,,15.729
8024H00000R9ic9QAB,0000027225,273.5455,,
8024H00000R9icAQAR,0000027226,16.3389,,177.6307
8024H00000R9icYQAR,0000027250,226.3906,,
8024H00000R9icZQAR,0000027251,292.1956,,
8024H00000R9icaQAB,0000027252,81.855,,
8024H00000R9icbQAB,0000027253,158.469675,,
8024H00000R9iccQAB,0000027254,158.469675,,
8024H00000R9icdQAB,0000027255,282.9294,,
8024H00000RxSX8QAN,0000030386,,,
8024H00000Ry4evQAB,0000030944,131.9096,,131.9096
8024H00000SjCMUQA3,0000033910,411.5541,,137.1847
8024H00000SjVn8QAF,0000034080,17.89,,17.89
8024H00000SjVn9QAF,0000034081,29.47,,29.47
8024H00000SjVnAQAV,0000034082,23.16,,23.16
8024H00000SjVnBQAV,0000034083,24.21,,24.21
8024H00000SjVnCQAV,0000034084,12.63,,12.63
8024H00000SjVnDQAV,0000034085,28.42,,28.42
8024H00000SjVnEQAV,0000034086,289.44,,289.44
8024H00000USGHFQA5,0000038493,489.8775,,
8024H00000UVCF5QAP,0000039088,,136.83,
8028e000000wu6SAAQ,0000044302,414.75,,
8028e000000pUFbAAM,0000044799,336.0,,
8028e000000mYcQAAU,0000045320,347.0,,
8028e000000macvAAA,0000046082,14.28,,184.62
8028e000000macwAAA,0000046083,19.38,,224.4
8028e000000mcaqAAA,0000046819,178.5,,
8028e000000mcarAAA,0000046820,40.425,,
8028e000000mcasAAA,0000046821,75.0,,
8028e000000mcatAAA,0000046822,241.5,,
8028e000000mcauAAA,0000046823,,175.0,
8028e000000mcavAAA,0000046824,168.0,,147.0
8028e000000mcawAAA,0000046825,27.0,,
8028e000000mcaxAAA,0000046826,257.25,,
8028e000000mcayAAA,0000046827,63.0,,
8028e000000mcazAAA,0000046828,78.75,,
8028e000000mcb5AAA,0000046830,251.022,,
8028e000000mcb6AAA,0000046831,,190.995,
8028e000000mcb7AAA,0000046832,183.3552,,160.4358
8028e000000mcb8AAA,0000046833,269.64,,
8028e000000mcb9AAA,0000046834,67.41,,
8028e000000mcbAAAQ,0000046835,78.645,,
8028e000000mcbBAAQ,0000046836,84.2625,,
8028e000000mcbCAAQ,0000046837,190.995,,
8028e000000mcbDAAQ,0000046838,43.25475,,
8028e000000mcbEAAQ,0000046839,30.9444,,
8028e000000mfmcAAA,0000046954,344.9145,,
8028e000000mfmdAAA,0000046955,790.73,,
8028e000000mfmeAAA,0000046956,460.635,,
8028e000000mfmfAAA,0000046957,572.45,,195.81
8028e000000mfmgAAA,0000046958,,185.538,
8028e000000mfmhAAA,0000046959,164.78,,
8028e000000mfmiAAA,0000046960,128.079,,
8028e000000npYSAAY,0000048257,,468.36,
8028e000000oGZ0AAM,0000048878,344.9145,,
8028e000000oGZ1AAM,0000048879,830.2665,,
8028e000000oGZ2AAM,0000048880,460.635,,
8028e000000oGZ3AAM,0000048881,547.84,,195.81
8028e000000oGZ4AAM,0000048882,164.78,,
8028e000000oGZ5AAM,0000048883,128.079,,
8028e000000oGZ6AAM,0000048884,55.64,,
8028e000000oGZ7AAM,0000048885,,181.9,
8028e000001i2P7AAI,0000049190,424.5546,,
8028e000001qUrLAAU,0000049308,,132.6,
8028e000001qYsSAAU,0000049313,9.45,,
8028e000001qYsTAAU,0000049314,,,166.0
8028e000001rck3AAA,0000049340,134.6916,,
8028e000002inv9AAA,0000050726,68.25,,
8028e000002invAAAQ,0000050727,53.55,,
8028e000002yTHeAAM,0000051034,788.26,,158.51
8028e000002yTHfAAM,0000051035,155.4,,
8028e000004O26BAAS,0000053285,590.0,,195.0
8028e000004cKjoAAE,0000053467,594.88,,149.76
8028e000004dedjAAA,0000053540,510.0,,
8028e000004fCmxAAE,0000053588,,130.968,
8028e000005A3NnAAK,0000054030,,100.0,
8028e000005LCB7AAO,0000054454,,144.0,
8028e000005dUwvAAE,0000054815,730.0,,
8028e000005ejzUAAQ,0000054852,26.75,,
8028e000005ejzVAAQ,0000054853,651.63,,
8028e000005ejzWAAQ,0000054854,48.15,,
8028e000006C8ifAAC,0000055491,1412.0,,200.0
8028e000006C8igAAC,0000055492,89.0,,
8028e0000070UYaAAM,0000056553,32.13,,32.13
8028e000007Hg8EAAS,0000057044,206.0,,
8028e000007Hg8FAAS,0000057045,65.0,,
8028e000007Hg8GAAS,0000057046,500.0,,
8028e000007RzlJAAS,0000057103,192.78,,192.78
8028e000008BLT2AAO,0000057960,24.0108,,24.0108
8028e000000BwiGAAS,0000058638,174.42,,174.42
8028e000009AWE2AAO,0000058976,40.8,,40.8
8028e000009Z4USAA0,0000059267,40.0,,
8028e000009Z4UTAA0,0000059268,42.0,,
8028e000009Z4UUAA0,0000059269,71.0,,
8028e000009Z4UVAA0,0000059270,379.0,,379.0
802Sj000000FVTJIA4,0000060255,240.0,,
802Sj000000FVY9IAO,0000060258,556.0,,
802Sj000000GIPGIA4,0000060289,128.0,,128.0
802Sj000000HbKvIAK,0000060298,320.0,,
802Sj000000NshFIAS,0000060632,15.0,,15.0
802Sj000000NshGIAS,0000060633,15.3,,15.3
802Sj000000NshHIAS,0000060634,190.0,,190.0
802Sj000000NshIIAS,0000060635,22.0,,22.0
802Sj0000011tjRIAQ,0000062817,207.0,,
802Sj0000011tjSIAQ,0000062818,74.0,,
802Sj000001bmGRIAY,0000063829,40.0,,80.0
802Sj000001vxAwIAI,0000064322,818.55,,165.85
802Sj000001vxAxIAI,0000064323,155.0,,
802Sj000002GFoNIAW,0000064840,86.0,,86.0
802Sj000002GFoOIAW,0000064841,90.0,,
802Sj000002H4cQIAS,0000064859,645.0,,
802Sj000002LK94IAG,0000064934,19.0,,19.0
802Sj000002V8eTIAS,0000065126,203.3,,
802Sj000002W7ExIAK,0000065177,2250.0,,449.98
802Sj000002zMHAIA2,0000065736,283.55,,101.65
802Sj0000031Dj3IAE,0000065774,875.0,,215.0
802Sj0000031Dj4IAE,0000065775,175.0,,
802Sj0000031Dj5IAE,0000065776,45.0,,
802Sj000003HxegIAC,0000066058,1610.0,,230.0
802Sj000003K2jwIAC,0000066104,2926.0,,
802Sj000003sqCnIAI,0000066653,187.25,,
802Sj000003sqCoIAI,0000066654,74.9,,
802Sj000003zSDlIAM,0000066839,476.15,,
802Sj0000041GRsIAM,0000066845,856.0,,1070.0
802Sj000004KvZJIA0,0000067230,481.5,,
802Sj000004KvZKIA0,0000067231,304.95,,
802Sj000004POGAIA4,0000067344,0.0,,219.35
802Sj000004POGBIA4,0000067345,9.3625,,
802Sj000004Po2ZIAS,0000067373,651.63,,
802Sj000004Po2aIAC,0000067374,48.15,,
802Sj000004yAtRIAU,0000068097,44.94,,44.94
802Sj000005XKQ9IAO,0000068864,262.15,,
802Sj000005gGdOIAU,0000069033,27.82,,27.82
802Sj000006h96mIAA,0000071142,192.6,,
802Sj000006h96nIAA,0000071143,79.18,,
802Sj000006r8tdIAA,0000071331,315.65,,
802Sj000007N2ZlIAK,0000072319,422.65,,
802Sj000007N2ZmIAK,0000072320,53.5,,
802Sj000008E6YoIAK,0000073498,768.0,,
802Sj000008zd1RIAQ,0000075557,294.25,,37.45
802Sj000009NlaYIAS,0000076240,17.12,,
802Sj000009NlaZIAS,0000076241,15.515,,
802Sj000009NlaaIAC,0000076242,16.05,,
802Sj000009NlabIAC,0000076243,62.06,,
802Sj000009NlacIAC,0000076244,16.05,,
802Sj000009crarIAA,0000076738,48.0,,
802Sj000009cthRIAQ,0000076739,48.0,,
802Sj000009ctJGIAY,0000076740,48.0,,
802Sj000009ctuLIAQ,0000076741,48.0,,
802Sj000009ctUZIAY,0000076743,48.0,,
802Sj000009cfrOIAQ,0000076744,48.0,,
802Sj000009jVc1IAE,0000076957,25.0,,25.0
802Sj000009o4hZIAQ,0000077094,12.0,,
802Sj000009o4haIAA,0000077095,8.0,,
802Sj000009uRYGIA2,0000077260,,171.0,
802Sj000009uRYHIA2,0000077261,172.0,,19.0
802Sj000009uRYIIA2,0000077262,172.0,,175.0
802Sj000009uRYJIA2,0000077263,110.0,,150.0
802Sj00000AaiBGIAZ,0000078684,142.0,,
802Sj00000AaiBHIAZ,0000078685,179.0,,
802Sj00000AvvwiIAB,0000079154,380.0,,
802Sj00000AvzPDIAZ,0000079155,240.0,,
802Sj00000AvzPEIAZ,0000079156,435.9,,
802Sj00000BJ7kDIAT,0000079661,61.0,,61.0
802Sj00000C8rBWIAZ,0000081347,6.0,,
802Sj00000C8rppIAB,0000081348,157.0,,
802Sj00000D8DwfIAF,0000082239,137.5,,138.0
802Sj00000DHid4IAD,0000082421,762.2,,152.44
802Sj00000DHid5IAD,0000082422,155.0,,
802Sj00000EDEgOIAX,0000083094,688.0,,688.0
802Sj00000EDEgPIAX,0000083095,63.0,,
802Sj00000EkIBZIA3,0000083660,243.0,,
802Sj00000Er6s2IAB,0000083773,26.0,,26.0
802Sj00000EuaTlIAJ,0000083890,10.0,,
802Sj00000EuaTmIAJ,0000083891,8.0,,
802Sj00000EuaTnIAJ,0000083892,12.0,,260.56
802Sj00000EuaToIAJ,0000083893,10.0,,194.81
802Sj00000EuaTpIAJ,0000083894,77.0,,
802Sj00000EuaTqIAJ,0000083895,185.0,,
802Sj00000EyId8IAF,0000084019,207.0,,207.0
802Sj00000F0KpKIAV,0000084049,197.34,,
802Sj00000F04CkIAJ,0000084050,8.0,,
802Sj00000F04ClIAJ,0000084051,185.0,,
802Sj00000F04CmIAJ,0000084052,10.0,,110.0
802Sj00000F04CnIAJ,0000084053,10.5,,250.0
802Sj00000F04CoIAJ,0000084054,8.0,,230.0
802Sj00000F04CpIAJ,0000084055,0.0,,
802Sj00000F04CqIAJ,0000084056,0.0,,
802Sj00000FHH8iIAH,0000085539,207.0,0.0,207.0
802Sj00000FpW6rIAF,0000086697,17.0,,17.0
802Sj00000FsXj7IAF,0000086781,782.0,-0.05,156.41
802Sj00000FsXj8IAF,0000086782,157.0,,
8024H00000R9ic2QAB,0000027218,219.41955,,
8024H00000R9ic3QAB,0000027219,305.3352,,
8024H00000R9icBQAR,0000027227,159.537,,
8024H00000R9icCQAR,0000027228,249.28218,,
8024H00000R9icDQAR,0000027229,244.0456,,
8024H00000R9icEQAR,0000027230,316.1315,,
8024H00000R9icFQAR,0000027231,325.8257,,148.5802
8024H00000R9icGQAR,0000027232,190.995,,
8024H00000R9icQQAR,0000027242,158.469675,,
8024H00000R9icRQAR,0000027243,158.469675,,
8024H00000R9icSQAR,0000027244,173.097645,,195.0396
8024H00000R9icTQAR,0000027245,258.0733,,
8024H00000R9icUQAR,0000027246,,153.9409,
8024H00000R9icVQAR,0000027247,60.9472,,
8024H00000R9icWQAR,0000027248,104.86,,
8024H00000R9icXQAR,0000027249,276.3061,,
8024H00000R9iceQAB,0000027256,106.9572,,
8024H00000R9icfQAB,0000027257,158.469675,,
8024H00000R9icgQAB,0000027258,158.469675,,
8024H00000R9ichQAB,0000027259,,167.8616,
8024H00000R9iciQAB,0000027260,77.575,,
8024H00000R9icjQAB,0000027261,223.5765,,
8024H00000RxY2JQAV,0000030474,176.5607,,198.6241
8024H00000RxY2KQAV,0000030475,167.4015,,
8024H00000Ry3EKQAZ,0000030930,1217.48,,
8024H00000Ry3ELQAZ,0000030931,132.83,,
8024H00000Ry3EMQAZ,0000030932,271.5,,
8024H00000Ry3ENQAZ,0000030933,68.25,,
8024H00000Ry3EOQAZ,0000030934,52.5,,
8024H00000Ry3EPQAZ,0000030935,78.75,,
8024H00000Ry3EQQAZ,0000030936,52.5,,
8024H00000Ry3ERQAZ,0000030937,11.5,,
8024H00000Ry3ESQAZ,0000030938,31.0,,
8024H00000Ry3ETQAZ,0000030939,37.0,,
8024H00000QDjRhQAL,0000031796,141.1116,,180.616
8024H00000QDjRiQAL,0000031797,141.1116,,180.616
8024H00000QDjRjQAL,0000031798,,204.9157,
8024H00000QDjRkQAL,0000031799,381.6262,,191.1448
8024H00000QDjRlQAL,0000031800,,0.6206,
8024H00000QDjRmQAL,0000031801,174.2388,,
8024H00000QDjRnQAL,0000031802,85.1292,,182.3922
8024H00000QDjRoQAL,0000031803,16.9381,,
8024H00000QDjRpQAL,0000031804,7.3509,,
8024H00000QDokjQAD,0000031893,85.1292,,184.2326
8024H00000QDokkQAD,0000031894,137.7197,,
8024H00000QDoklQAD,0000031895,6.7731,,
8024H00000QDokmQAD,0000031896,16.9381,,
8024H00000QDoknQAD,0000031897,,177.2776,
8024H00000QDokoQAD,0000031898,353.4424,,176.1755
8024H00000QDokpQAD,0000031899,141.1116,,180.616
8024H00000QDokqQAD,0000031900,165.7644,,184.2326
8024H00000QDokrQAD,0000031901,,152.4001,
8024H00000QDoksQAD,0000031902,56.4425,,
8024H00000QDoktQAD,0000031903,288.9,,
8024H00000QDokuQAD,0000031904,73.3806,,
8024H00000QE2uBQAT,0000032021,241.1994,,
8024H00000QFV7zQAH,0000032780,230.0,,
8024H00000QFV80QAH,0000032781,200.0,,
8024H00000QFV81QAH,0000032782,290.0,,
8024H00000QFV82QAH,0000032783,295.0,,
8024H00000QFV83QAH,0000032784,275.0,,135.0
8024H00000ShwF6QAJ,0000033457,215.8832,,
8024H00000SjSjPQAV,0000034039,1.6906,,
8024H00000SjSjQQAV,0000034040,39.5151,,
8024H00000SjSjRQAV,0000034041,304.7895,,
8024H00000TJNrxQAH,0000035320,,63.3,
8024H00000TLSu4QAH,0000036490,,0.0,
8024H00000TM18LQAT,0000037885,4.5154,,4.5154
8028e000000wkRbAAI,0000040401,554.7094,,175.3302
8028e000000wkx2AAA,0000040569,376.64,,
8028e000000wkx3AAA,0000040570,79.7685,,
8028e000000wkx7AAA,0000040571,68.48,,
8028e000000wkx8AAA,0000040572,79.7685,,
8028e000000wmeVAAQ,0000041230,299.1506,,86.9268
8028e000000wrxMAAQ,0000043340,168.8,,163.53
8028e000000wsjVAAQ,0000043627,199.4,,199.4
8028e000000pUCcAAM,0000044788,19.6452,,253.2048
8028e000000pUCdAAM,0000044789,13.0968,,210.6402
8028e000000mYDGAA2,0000045187,,,
8028e000000mYa0AAE,0000045308,115.78,,231.55
8028e000000mfmjAAA,0000046961,55.64,,
8028e000000ms3vAAA,0000047164,369.5566,,156.5945
8028e000000nG94AAE,0000047730,44.31,,
8028e000000nG95AAE,0000047731,12.66,,
8028e000000nLsrAAE,0000047776,84.4,,168.8
8028e000000npaNAAQ,0000048261,504.0,,126.0
8028e0000025thOAAQ,0000049735,351.816,,
8028e000002HPNGAA4,0000050018,31.65,,
8028e0000032qKCAAY,0000051184,410.0,,90.0
8028e0000032qKDAAY,0000051185,540.0,,135.0
8028e0000035F5GAAU,0000051285,109.568,,219.136
8028e0000036vlUAAQ,0000051372,223.737,,
8028e000003UhekAAC,0000051956,581.4,,142.8
8028e000003bkENAAY,0000052246,340.0,,
8028e000003bl0WAAQ,0000052247,33.8334,,234.7687
8028e000003bl0XAAQ,0000052248,12.0054,,210.0838
8028e000003bl0YAAQ,0000052249,401.25,,128.4
8028e000003bl8EAAQ,0000052250,375.0,,120.0
8028e000003bmUvAAI,0000052253,340.0,,
8028e000003boucAAA,0000052255,15.81,,219.41
8028e000003boudAAA,0000052256,11.22,,196.34
8028e000003ofSRAAY,0000052617,250.0,,
8028e000003ofSSAAY,0000052618,448.8,,
8028e000003ofSTAAY,0000052619,270.0,,
8028e000003ofSUAAY,0000052620,430.0,,125.0
8028e000003ofSVAAY,0000052621,438.6,,127.5
8028e000003qVh9AAE,0000052694,430.0,,125.0
8028e000003qVhAAAU,0000052695,430.0,,125.0
8028e000003qVhBAAU,0000052696,250.0,,
8028e000003qVhCAAU,0000052697,440.0,,
8028e000003qVhDAAU,0000052698,270.0,,
8028e0000046ch7AAA,0000052990,0.0,,5500.0
8028e0000046ch8AAA,0000052991,51.0,,
8028e0000046ch9AAA,0000052992,471.0,,
8028e0000046chAAAQ,0000052993,212.0,,
8028e000004CGzuAAG,0000053039,409.275,,130.968
8028e000004CkETAA0,0000053057,258.0,,
8028e000004dPdIAAU,0000053520,103.0,,206.0
8028e000004zx2FAAQ,0000053968,,144.0,
8028e000005HWMKAA4,0000054164,215.0,,82.0
8028e000005pHVgAAM,0000054941,255.0,,
8028e000005pHVhAAM,0000054942,,173.4,
8028e000005qE49AAE,0000054986,255.0,,
8028e000005qGBRAA2,0000054989,401.25,,128.4
8028e000005sfYMAAY,0000055098,409.275,,130.968
8028e00000686eFAAQ,0000055347,55.0,,
8028e00000686eGAAQ,0000055348,118.0,,
8028e000006L7f1AAC,0000055674,346.8,,
8028e000006L7f2AAC,0000055675,0.0,,
8028e000006bpdeAAA,0000055945,1270.0,,
8028e000006lF3yAAE,0000056188,200.0,,
8028e000006lF3zAAE,0000056189,200.0,,
8028e000002qBqEAAU,0000056330,1270.0,,
8028e0000070e4TAAQ,0000056582,0.0,,5000.0
8028e0000070e4UAAQ,0000056583,100.0,,
8028e0000070e4VAAQ,0000056584,153.0,,
8028e0000070eXAAAY,0000056585,112.0,,
8028e0000070eXBAAY,0000056586,53.0,,
8028e0000070eXCAAY,0000056587,48.0,,
8028e0000070eXDAAY,0000056588,495.0,,
8028e00000712MfAAI,0000056619,260.1,,
8028e00000712RYAAY,0000056620,351.9,,
8028e0000071PaQAAU,0000056646,295.0,,
8028e000007Hef0AAC,0000057035,10.3683,,
8028e000007Hef1AAC,0000057036,20.7366,,180.081
8028e000007Hef2AAC,0000057037,47.3154,,218.28
8028e000007Hef3AAC,0000057038,181.9,,1198.4
8028e000007Hef4AAC,0000057039,45.0,,
8028e000007Hef5AAC,0000057040,37.45,,
8028e000007h6b0AAA,0000057461,438.6,,
8028e000008AxtaAAC,0000057926,224.8284,,70.941
8028e000000Ae49AAC,0000058576,354.96,,
802Sj0000006o6zIAA,0000059721,496.587,,163.71
802Sj000000IJsFIAW,0000060369,300.8626,,
802Sj000000sxzBIAQ,0000062618,719.04,,
802Sj000000wvcDIAQ,0000062684,683.7514,,167.027
802Sj000000wvcEIAQ,0000062685,266.1946,,
802Sj000001J58JIAS,0000063280,425.646,,
802Sj000001yhnuIAA,0000064396,860.0,,
802Sj000002CoJGIA0,0000064733,401.25,,214.0
802Sj000002GGe0IAG,0000064843,86.0,,86.0
802Sj000002GGe1IAG,0000064844,90.0,,
802Sj000002HexZIAS,0000064871,95.0,,190.0
802Sj000003EaczIAC,0000065974,513.6,,171.2
802Sj000004BORJIA4,0000067048,875.0,,215.0
802Sj000004BORKIA4,0000067049,175.0,,
802Sj000004BORLIA4,0000067050,45.0,,
802Sj000005SNoPIAW,0000068748,433.35,,
802Sj000005VQ8EIAW,0000068827,16.0,,
802Sj000005VQ8FIAW,0000068828,18.5,,
802Sj0000063OK8IAM,0000069636,496.587,,163.71
802Sj0000063r7ZIAQ,0000069662,45.7425,,182.97
802Sj0000063r7aIAA,0000069663,17.3875,,69.55
802Sj0000063r7bIAA,0000069664,34.24,,
802Sj0000063r7cIAA,0000069665,48.15,,
802Sj0000063r7dIAA,0000069666,20.33,,
802Sj0000063r7eIAA,0000069667,40.125,,
802Sj000007zmTXIAY,0000073140,674.1,,
802Sj000007zmTYIAY,0000073141,1.3375,,
802Sj000009ib57IAA,0000076936,48.0,,
802Sj000009l5OtIAI,0000077000,120.0,,240.0
802Sj00000AIFfaIAH,0000078013,458.0,,
802Sj00000AmiSQIAZ,0000078962,,220.0,
802Sj00000CaMb1IAF,0000081654,13.0,,
802Sj00000CaMb2IAF,0000081655,7.0,,
802Sj00000D4L9dIAF,0000082203,240.0,,
802Sj00000DNYmLIAX,0000082496,549.0,,
802Sj00000DNYmMIAX,0000082497,240.0,,
802Sj00000Eua3yIAB,0000083896,10.0,,
802Sj00000Eua3zIAB,0000083897,8.0,,
802Sj00000Eua40IAB,0000083898,11.5,,230.0
802Sj00000Eua41IAB,0000083899,7.5,,180.0
802Sj00000Eua42IAB,0000083900,0.0,,
802Sj00000Eua43IAB,0000083901,0.0,,
802Sj00000Eua44IAB,0000083902,77.0,,
802Sj00000Eua45IAB,0000083903,185.0,,
802Sj00000Eua46IAB,0000083904,0.0,,
802Sj00000Fdk0kIAB,0000085819,,150.0,
802Sj00000FsSgGIAV,0000086785,70.0,,
802Sj00000FsSgHIAV,0000086786,2.5,,
8028e000007UN7nAAG,0000057203,265.0,,
8028e000007av5lAAA,0000057258,239.7,,
8028e000007av5mAAA,0000057259,195.0,,
8028e000007av5nAAA,0000057260,230.0,,
8028e00000804uxAAA,0000057647,249.9,,
8028e000008HtV7AAK,0000058023,145.0,,
8028e000008HtV8AAK,0000058024,145.0,,
8028e000008X1rtAAC,0000058291,395.0,,
8028e000008X1ruAAC,0000058292,395.0,,
8028e000008YUTlAAO,0000058354,290.0,,
8028e000008kwj7AAA,0000058481,240.72,,
8028e000008kwj8AAA,0000058482,224.0,,
8028e000008lyhTAAQ,0000058506,300.9,,
8028e000008m2UdAAI,0000058507,295.8,,
8028e000000BIXMAA4,0000058604,400.0,,129.41
8028e000000BLBzAAO,0000058610,330.48,,
8028e000009AgDqAAK,0000058979,1855.0,,
8028e000009EprJAAS,0000059113,236.0,,
802Sj0000002zYrIAI,0000059529,208.0,,
802Sj0000002zYsIAI,0000059530,148.0,,
802Sj00000039efIAA,0000059535,210.59,,
802Sj00000039egIAA,0000059536,210.59,,
802Sj0000006nqrIAA,0000059719,452.0,,150.0
802Sj0000006oa1IAA,0000059722,461.04,,153.0
802Sj0000007T6wIAE,0000059756,25.0,,
802Sj000000De66IAC,0000060156,344.76,,
802Sj000000IuRxIAK,0000060405,282.48,,
802Sj000000Pj1zIAC,0000060731,234.6,,
802Sj000000PlDRIA0,0000060732,200.0,,
802Sj000000QjUXIA0,0000060781,238.68,,75.48
802Sj000000bYE1IAM,0000061518,260.0,,
802Sj000000bYE2IAM,0000061519,1.35,,
802Sj000000eWqnIAE,0000061687,538.56,,174.42
802Sj000000eWqoIAE,0000061688,699.0,,171.0
802Sj000000jxaDIAQ,0000061947,234.0,,74.0
802Sj000000kONVIA2,0000061985,455.0,,150.0
802Sj000000ldfRIAQ,0000062087,682.67,,170.67
802Sj000000nUUnIAM,0000062216,1030.2,,
802Sj000000nUUoIAM,0000062217,165.0,,
802Sj000000nVnRIAU,0000062218,556.0,,
802Sj000000sildIAA,0000062597,420.0,,
802Sj000000yACbIAM,0000062709,334.56,,
802Sj0000016dirIAA,0000062975,348.0,,
802Sj0000017mqXIAQ,0000063009,730.0,,
802Sj0000017mqYIAQ,0000063010,265.0,,
802Sj0000019cDdIAI,0000063073,428.4,,137.7
802Sj000001PcWAIA0,0000063406,375.0,,
802Sj000001PeBTIA0,0000063408,375.0,,
802Sj000001PaiuIAC,0000063409,331.7,,
802Sj000001PaivIAC,0000063410,265.0,,
802Sj000001TIlmIAG,0000063542,489.6,,163.2
802Sj000001WQgQIAW,0000063585,255.73,,
802Sj000001tPGXIA2,0000064280,260.0,,
802Sj0000024jiAIAQ,0000064549,390.0,,
802Sj0000025a8QIAQ,0000064566,190.0,,
802Sj0000025a8RIAQ,0000064567,205.0,,
802Sj0000025a8SIAQ,0000064568,120.0,,
802Sj0000025a8TIAQ,0000064569,70.0,,
802Sj0000026QMrIAM,0000064604,347.75,,
802Sj000002AUyDIAW,0000064680,385.0,,
802Sj000002AUyEIAW,0000064681,55.0,,
802Sj000002AUyFIAW,0000064682,122.0,,
802Sj000002N6pyIAC,0000064984,444.05,,144.45
802Sj000002OirZIAS,0000065033,462.5,,155.0
802Sj000002QOC2IAO,0000065096,250.0,,
802Sj000002VNlbIAG,0000065139,460.0,,155.0
802Sj000002VNlcIAG,0000065140,440.0,,
802Sj000002WtgBIAS,0000065186,385.2,,
802Sj000002dDicIAE,0000065304,285.0,,
802Sj000002h6XGIAY,0000065382,235.0,,90.0
802Sj000002ylvmIAA,0000065718,45.0,,
802Sj000002ylvnIAA,0000065719,230.0,,
802Sj000003F8gJIAS,0000066007,40.0,,
802Sj000003F8gKIAS,0000066008,175.0,,
802Sj000003RSmUIAW,0000066237,278.2,,
802Sj000003xsHCIAY,0000066810,684.8,,171.2
802Sj0000043BHZIA2,0000066881,363.8,,
802Sj0000043LVSIA2,0000066882,342.4,,
802Sj0000047FxhIAE,0000066994,513.6,,171.2
802Sj000004BaM1IAK,0000067063,310.3,,
802Sj000004BkV3IAK,0000067075,520.0,,190.0
802Sj000004Bjp8IAC,0000067076,278.2,,
802Sj000004Ha3BIAS,0000067144,567.1,,
802Sj000004NP9wIAG,0000067276,42.8,,
802Sj000004NP9xIAG,0000067277,187.25,,
802Sj000004NP9yIAG,0000067278,262.15,,
802Sj000004R6a7IAC,0000067389,642.0,,
802Sj000004XFFhIAO,0000067482,486.85,,
802Sj000004XLjJIAW,0000067485,428.0,,
802Sj000004aINVIA2,0000067517,240.75,,
802Sj000004fqpxIAA,0000067595,385.2,,
802Sj000004fbhKIAQ,0000067598,181.9,,
802Sj000004fbhLIAQ,0000067599,74.9,,
802Sj000004kTkfIAE,0000067769,483.64,,
802Sj000004lUTOIA2,0000067780,310.3,,
802Sj000004vDHZIA2,0000068042,406.6,,
802Sj000004wWZxIAM,0000068051,85.065,,85.065
802Sj0000050TVNIA2,0000068118,208.65,,
802Sj0000050TVOIA2,0000068119,74.9,,
802Sj000005VH3MIAW,0000068824,315.65,,
802Sj000005XNcWIAW,0000068863,321.0,,
802Sj000005kdMsIAI,0000069123,278.2,,
802Sj000005kdMtIAI,0000069124,321.0,,
802Sj000005kdMuIAI,0000069125,401.25,,
802Sj000005kdMvIAI,0000069126,690.15,,
802Sj000005mvtzIAA,0000069180,133.75,,
802Sj000005mvu0IAA,0000069181,299.6,,
802Sj000005vdo9IAA,0000069438,294.25,,
802Sj000005vdoAIAQ,0000069439,58.85,,
802Sj000005vdoBIAQ,0000069440,130.54,,
802Sj000005vySnIAI,0000069451,340.0,,
802Sj000005w5R3IAI,0000069464,85.6,,85.6
802Sj000005w6tNIAQ,0000069465,85.065,,85.065
802Sj0000066hmnIAA,0000069741,272.85,,
802Sj0000068CwbIAE,0000069816,326.35,,
802Sj000006A9D3IAK,0000069828,444.05,,144.45
802Sj000006Pe3gIAC,0000070629,620.6,,
802Sj000006Pct4IAC,0000070631,321.0,,
802Sj000006Pct5IAC,0000070632,518.95,,176.55
802Sj000006Pct6IAC,0000070633,615.25,,
802Sj000006h2hSIAQ,0000071125,203.3,,
802Sj000006h2hTIAQ,0000071126,130.54,,
802Sj000006h2hUIAQ,0000071127,74.9,,
802Sj000006h0uJIAQ,0000071128,203.3,,
802Sj000006h0uKIAQ,0000071129,130.54,,
802Sj000006h0uLIAQ,0000071130,74.9,,
802Sj000006h32PIAQ,0000071131,130.54,,
802Sj000006h32QIAQ,0000071132,74.9,,
802Sj000006h32RIAQ,0000071133,203.3,,
802Sj000006glonIAA,0000071134,130.54,,
802Sj000006glooIAA,0000071135,74.9,,
802Sj000006glopIAA,0000071136,203.3,,
802Sj000006h4GDIAY,0000071137,203.3,,
802Sj000006h4GEIAY,0000071138,130.54,,
802Sj000006h4GFIAY,0000071139,74.9,,
802Sj000006jOHFIA2,0000071218,620.6,,151.94
802Sj000006jOHGIA2,0000071219,365.94,,92.02
802Sj000006mLedIAE,0000071242,0.0,,
802Sj000006mLeeIAE,0000071243,0.0,,
802Sj000006mLefIAE,0000071244,0.0,,
802Sj000006nfzWIAQ,0000071269,670.89,,167.99
802Sj000006w30UIAQ,0000071411,85.6,,85.6
802Sj000006wALKIA2,0000071414,483.64,,
802Sj000006yBgHIAU,0000071479,176.55,,
802Sj0000070yplIAA,0000071820,395.9,,
802Sj0000070ypmIAA,0000071821,395.9,,
802Sj0000072K6fIAE,0000071897,518.95,,171.2
802Sj0000072K6gIAE,0000071898,,176.55,
802Sj0000072S4DIAU,0000071911,105.0,,
802Sj0000072S4EIAU,0000071912,240.0,,
802Sj0000072LiiIAE,0000071913,105.0,,
802Sj0000072LijIAE,0000071914,240.0,,
802Sj0000072SPBIA2,0000071915,115.0,,
802Sj0000072SPCIA2,0000071916,262.0,,
802Sj0000072SSPIA2,0000071917,115.0,,
802Sj0000072SSQIA2,0000071918,240.0,,
802Sj0000072SU1IAM,0000071919,105.0,,
802Sj0000072SU2IAM,0000071920,240.0,,
802Sj0000072OtSIAU,0000071921,105.0,,
802Sj0000072OtTIAU,0000071922,240.0,,
802Sj0000072SVdIAM,0000071923,240.0,,
802Sj0000074j0vIAA,0000071979,115.0,,
802Sj0000074hAYIAY,0000071980,105.0,,
802Sj000007FiMTIA0,0000072184,428.0,,
802Sj000007G5HRIA0,0000072205,197.95,,
802Sj000007WKPPIA4,0000072419,0.0,,
802Sj000007baIDIAY,0000072483,280.34,,
802Sj000007lRIUIA2,0000072732,337.05,,
802Sj000007labtIAA,0000072735,524.3,,144.45
802Sj0000089hdpIAA,0000073415,395.9,,
802Sj000008HagoIAC,0000073605,797.15,,208.65
802Sj000008JEPFIA4,0000073621,304.95,,
802Sj000008JEPGIA4,0000073622,95.0,,
802Sj000008JcJYIA0,0000073641,3488.2,,
802Sj000008PkeDIAS,0000073755,128.4,,
802Sj000008PkeEIAS,0000073756,163.71,,
802Sj000008PkeFIAS,0000073757,256.8,,
802Sj000008aRrZIAU,0000073991,722.25,,172.27
802Sj000008mHI6IAM,0000074281,629.16,,
802Sj000008o3FtIAI,0000074360,240.0,,
802Sj000008o3FuIAI,0000074361,110.0,,
802Sj000008oEKvIAM,0000074362,110.0,,
802Sj000008nykrIAA,0000074364,110.0,,
802Sj000008nyksIAA,0000074365,240.0,,
802Sj000008oDK3IAM,0000074367,110.0,,
802Sj000008oDK4IAM,0000074368,240.0,,
802Sj000008o7EfIAI,0000074372,110.0,,
802Sj000008o7EgIAI,0000074373,240.0,,
802Sj000008oEJKIA2,0000074376,240.0,,
802Sj0000095gXoIAI,0000075692,551.05,,176.55
802Sj00000A4DIfIAN,0000077620,180.0,,
802Sj00000AvUNfIAN,0000079141,11.0,,209.53
802Sj00000AvUNgIAN,0000079142,13.0,,
802Sj00000AvUNhIAN,0000079143,6.0,,
802Sj00000BXxsbIAD,0000079921,333.0,,
802Sj00000BwTZZIA3,0000081151,134.0,,
802Sj00000DsOp3IAF,0000082921,683.0,,159.0
802Sj00000DsOp4IAF,0000082922,385.0,,
802Sj00000DtinKIAR,0000082939,683.0,,159.0
802Sj00000EuxjhIAB,0000083918,197.0,,
802Sj000008oEKwIAM,0000074363,240.0,,
802Sj000008oGGHIA2,0000074369,105.0,,
802Sj000008oGGIIA2,0000074370,240.0,,
802Sj000008oGGJIA2,0000074371,105.0,,
802Sj000008oH7VIAU,0000074374,110.0,,
802Sj000008oH7WIAU,0000074375,240.0,,
802Sj000008wA5fIAE,0000075369,90.95,,
802Sj000008vyu9IAA,0000075370,90.95,,
802Sj000008w5E4IAI,0000075371,90.95,,
802Sj000008w5p9IAA,0000075372,90.95,,
802Sj000008wHALIA2,0000075375,90.95,,
802Sj000008wHK1IAM,0000075376,90.95,,
802Sj0000097dakIAA,0000075731,8.025,,
802Sj0000097dalIAA,0000075732,13.91,,
802Sj000009DvZZIA0,0000075859,10.7,,
802Sj000009DvZaIAK,0000075860,14.98,,
802Sj000009FVccIAG,0000075897,518.95,,176.55
802Sj000009HheTIAS,0000076036,321.0,,
802Sj000009VIrVIAW,0000076551,215.0,,
802Sj00000A8KGlIAN,0000077750,400.0,,
802Sj00000A9coKIAR,0000077798,,183.0,
802Sj00000ACfG9IAL,0000077934,640.0,,160.0
802Sj00000ASKJ2IAP,0000078236,324.39,,
802Sj00000AiYcvIAF,0000078931,641.0,,158.73
802Sj00000AixmeIAB,0000078948,,150.0,
802Sj00000AixmfIAB,0000078949,214.0,,
802Sj00000ArK4VIAV,0000079094,290.0,,
802Sj00000B21eQIAR,0000079285,382.0,,
802Sj00000B21eRIAR,0000079286,0.83,,
802Sj00000B2D9KIAV,0000079296,115.0,,
802Sj00000BCcuQIAT,0000079601,16.06,,237.5
802Sj00000BCcuRIAT,0000079602,10.5,,200.0
802Sj00000BCcPrIAL,0000079604,657.0,,162.68
802Sj00000BLVqVIAX,0000079713,400.0,,
802Sj00000BSdHpIAL,0000079826,197.0,,
802Sj00000BSdHqIAL,0000079827,57.0,,
802Sj00000BSdHrIAL,0000079828,157.0,,
802Sj00000BWdnyIAD,0000079909,537.0,,
802Sj00000BWdnzIAD,0000079910,92.0,,
802Sj00000BYFceIAH,0000079928,591.0,,
802Sj00000BYFcfIAH,0000079929,85.0,,
802Sj00000BYFcgIAH,0000079930,157.0,,
802Sj00000BYh2bIAD,0000080038,285.0,,
802Sj00000BdEsqIAF,0000080465,469.0,,
802Sj00000BdEsrIAF,0000080466,469.0,,
802Sj00000BdEssIAF,0000080467,469.0,,
802Sj00000BdEstIAF,0000080468,469.0,,
802Sj00000BjjCMIAZ,0000080844,469.0,,
802Sj00000BkndhIAB,0000080887,1220.0,,
802Sj00000BkndiIAB,0000080888,1220.0,,
802Sj00000ByDP9IAN,0000081196,157.0,,
802Sj00000ByDPAIA3,0000081197,338.0,,56.33
802Sj00000C2vUjIAJ,0000081230,320.0,,
802Sj00000C2vUkIAJ,0000081231,257.0,,
802Sj00000C6o1eIAB,0000081295,2500.0,,
802Sj00000C6o1fIAB,0000081296,250.0,,
802Sj00000CLvqpIAD,0000081490,494.0,,162.58
802Sj00000CLvqqIAD,0000081491,400.0,,
802Sj00000CPAoTIAX,0000081529,494.0,,162.58
802Sj00000CPAoUIAX,0000081530,400.0,,
802Sj00000CSrqUIAT,0000081552,296.0,,
802Sj00000CUXULIA5,0000081561,11.0,,209.53
802Sj00000CUXUMIA5,0000081562,13.0,,
802Sj00000CUXUNIA5,0000081563,6.0,,
802Sj00000CoEYkIAN,0000081791,507.0,,158.83
802Sj00000CoEYlIAN,0000081792,372.0,,91.47
802Sj00000CpO4bIAF,0000081841,940.0,,
802Sj00000CuFTjIAN,0000081882,427.0,,
802Sj00000D8QgzIAF,0000082247,115.0,,
802Sj00000D8Qh0IAF,0000082248,240.0,,
802Sj00000DCWELIA5,0000082308,115.0,,
802Sj00000DCWEMIA5,0000082309,240.0,,
802Sj00000DCjjSIAT,0000082311,1952.0,,
802Sj00000DCjjTIAT,0000082312,92.0,,
802Sj00000DCmcTIAT,0000082313,200.0,,183.0
802Sj00000DCmcUIAT,0000082314,400.0,,
802Sj00000DDZLSIA5,0000082328,3200.0,,
802Sj00000DDgrZIAT,0000082330,350.0,,
802Sj00000DGJopIAH,0000082401,489.0,,
802Sj00000DVt3xIAD,0000082724,1120.0,,120.0
802Sj00000DVt3yIAD,0000082725,3200.0,,0.0
802Sj00000DX8YnIAL,0000082757,288.0,,
802Sj00000DdwhPIAR,0000082794,200.0,,
802Sj00000DirduIAB,0000082849,426.83,,
802Sj00000DiwKGIAZ,0000082850,427.0,,
802Sj00000DizJgIAJ,0000082851,426.83,,
802Sj00000DnT6FIAV,0000082882,683.0,,158.56
802Sj00000DoGWmIAN,0000082897,426.83,,
802Sj00000E1OEmIAN,0000083004,76.0,,
802Sj00000E1OEnIAN,0000083005,199.0,,
802Sj00000E8QlFIAV,0000083074,438.0,,143.91
802Sj00000Eb1ujIAB,0000083496,235.0,,
802Sj00000Ej3rKIAR,0000083576,10.0,,162.7
802Sj00000FN2RyIAL,0000085601,380.0,,
802Sj00000FN2RzIAL,0000085602,818.0,390.72,54.0
802Sj00000FN2S0IAL,0000085603,60.0,,
802Sj00000FaRp9IAF,0000085796,426.0,,
802Sj00000FjjjVIAR,0000086414,115.0,,
802Sj00000Fr9ULIAZ,0000086752,305.0,,
802Sj00000FrAv3IAF,0000086757,494.0,168.84,162.58
