Id,Sales_Price__c,Sales_Transport__c,Sales_Tonnage_charge_thereafter__c
8024H00000R9ibmQAB,238.56698599999999,,
8024H00000R9ibpQAB,287.091,,153.321
8024H00000R9icHQAR,313.835494,,
8024H00000R9icIQAR,155.30028149999998,,203.08498350000002
8024H00000R9icJQAR,150.84111,,55.0515
8024H00000R9icKQAR,147.90502999999998,,
8024H00000R9icLQAR,155.30028149999998,,
8024H00000R9icMQAR,194.420926,,
8024H00000R9icNQAR,155.30028149999998,,
8024H00000R9icOQAR,77.93195200000001,,
8024H00000R9icPQAR,62.580448,,
8024H00000R9m8YQAR,0.0,,
8024H00000R9m8ZQAR,367.293122,,
8024H00000R9m8aQAB,18.937716,,218.1088
8024H00000R9m8bQAB,17.218012,,179.93975999999998
8024H00000R9m8cQAB,0.0,,
8024H00000R9m8dQAB,0.0,,
8024H00000R9m8eQAB,0.0,,
8024H00000RAq8eQAD,0.0,172.4947,
8024H00000RB1ifQAD,1.078,,
8024H00000RB4qvQAD,0.0,102.8902,
8024H00000QDTOCQA5,0.0,,
8024H00000TJ5pRQAT,0.0,,26.281586100000002
8024H00000TJ9ViQAL,635.996872,,261.67813
8024H00000TJ9VjQAL,71.677053,,
8024H00000TJ9dkQAD,0.0,156.681812,
8024H00000TKJr3QAH,446.58599999999996,,446.58599999999996
8024H00000TMpPQQA1,0.0,,87.61053
8028e000000wlncAAA,882.0,,220.5
8028e000000mcadAAA,73.5,,
8028e000000mcaeAAA,695.8,,
8028e000000mcafAAA,411.59999999999997,,
8028e000000mcagAAA,0.0,196.0,
8028e000000mcahAAA,509.59999999999997,,171.5
8028e000000mcaiAAA,293.265,,
8028e000000mcajAAA,61.74,,
8028e000000mcakAAA,72.03,,
8028e000001gwv7AAA,272.685,,
8028e000001wfMlAAI,33.691518,,33.691518
8028e000004lYDPAA2,63.699999999999996,,
8028e000004lYDQAA2,394.842,,
8028e000005Ley3AAC,0.0,,
8028e000005Ley4AAC,259.7,,
8028e000005Ley5AAC,338.09999999999997,,
8028e000006LRqhAAG,235.935,,
8028e000006RWilAAG,30.87,,30.87
8028e0000088oxDAAQ,801.64,,
8028e0000088oxEAAQ,519.4,,
8028e000008BI7oAAG,3430.0,,
8028e000008Pb6DAAS,579.708024,,195.731676
8028e000008Pb6EAAS,0.0,198.1854,
8028e000000CWYlAAO,865.34,,
8028e0000095pAEAAY,0.0,166.6,
802Sj0000001PR0IAM,0.0,,
802Sj000000HTFJIA4,272.63599999999997,,31.458000000000002
802Sj000000HTFKIA4,272.63599999999997,,31.458000000000002
802Sj000000HlKHIA0,665.861,,146.804
802Sj000000HlKIIA0,220.206,,
802Sj000000p30gIAA,183.26,,85.26
802Sj000000p30hIAA,382.2,,
802Sj000000p30iIAA,0.0,,
802Sj000000uAZOIA2,173.46,,
802Sj000000uAZPIA2,44.1,,
802Sj0000014i9xIAA,419.44,,
802Sj000001MVRBIA4,319.82300000000004,,
802Sj000001MVRCIA4,256.907,,
802Sj000001MVRDIA4,0.0,183.505,
802Sj000001NOAmIAO,117.6,,
802Sj000001bDygIAE,12.5832,,
802Sj000001bDyhIAE,7.812069999999999,,196.61249999999998
802Sj000001bDyiIAE,13.789089999999998,,196.97951
802Sj000001bDyjIAE,432.0232,,
802Sj000001bDykIAE,346.038,,
802Sj000001bDylIAE,432.0232,,
802Sj000001bDymIAE,0.0,173.46,
802Sj000001bDynIAE,616.5767999999999,,146.804
802Sj000001bUcfIAE,403.76,,
802Sj000001eNwbIAE,323.4,,
802Sj000001gyIXIAY,419.44,,
802Sj000001gyIYIAY,12.5832,,
802Sj000001gyIZIAY,7.812069999999999,,157.143196
802Sj000001gyIaIAI,13.789089999999998,,183.85103800000002
802Sj000001gt2rIAA,407.9054,,
802Sj000001gt2sIAA,9.122819999999999,,196.61249999999998
802Sj000001gt2tIAA,12.5832,,
802Sj000001gt2uIAA,13.6318,,
802Sj000001gt2vIAA,308.28839999999997,,
802Sj000001h0NZIAY,415.52,,
802Sj000001hAYHIA2,17.3019,,192.009146
802Sj000001hAYIIA2,13.6318,,
802Sj000001hAYJIA2,13.789089999999998,,196.97951
802Sj000001hAYKIA2,12.5832,,
802Sj000001hAYLIA2,13.1075,,
802Sj000001hAYMIA2,256.907,,
802Sj000001hAYNIA2,3.1458,,
802Sj000001ijvJIAQ,308.28839999999997,,
802Sj000001ijvKIAQ,259.0042,,
802Sj000001ijvLIAQ,13.6318,,194.735506
802Sj000001ijvMIAQ,17.3019,,192.009146
802Sj000001mXihIAE,17.3019,,192.009146
802Sj000001mXiiIAE,13.6318,,244.66983799999997
802Sj000001mXijIAE,13.789089999999998,,247.480086
802Sj000001mXikIAE,13.6318,,
802Sj000001mvl0IAA,13.6318,,
802Sj000001mvl1IAA,14.1561,,202.22251
802Sj000001mvl2IAA,17.3019,,192.009146
802Sj000001mvl3IAA,12.5832,,
802Sj000001mvl4IAA,256.907,,
802Sj000001mvl5IAA,0.0,,
802Sj000001mvl6IAA,419.44,,
802Sj000001n3U1IAI,13.789089999999998,,196.97951
802Sj000001n3U2IAI,13.6318,,
802Sj000001n28BIAQ,12.5832,,
802Sj000001n28CIAQ,13.789089999999998,,196.97951
802Sj000001n28DIAQ,13.6318,,
802Sj000001n7mAIAQ,12.5832,,
802Sj000001n7mBIAQ,13.789089999999998,,196.97951
802Sj000001n7mCIAQ,13.6318,,
802Sj000001n7mDIAQ,17.3019,,209.72
802Sj000001vMo1IAE,407.9054,,
802Sj000001vMo2IAE,308.28839999999997,,
802Sj000001x0GSIAY,381.21999999999997,,
802Sj000001xSJ5IAM,433.15999999999997,,
802Sj000001xSJ6IAM,407.9054,,
802Sj0000020720IAA,0.0,198.1854,
802Sj0000027vjaIAA,262.15,,
802Sj000002I1irIAC,9.961699999999999,,
802Sj000002I1isIAC,13.789089999999998,,
802Sj000002PeU9IAK,309.337,,19.923399999999997
802Sj000002PZStIAO,346.038,,
802Sj000002ZasHIAS,0.0,,
802Sj000002grgKIAQ,44.1,,
802Sj000002grgLIAQ,284.2,,
802Sj000002xM0AIAU,15.2047,,251.213102
802Sj000002xM0BIAU,12.5832,,
802Sj000003fcAsIAI,13.6318,,244.66983799999997
802Sj000003fcAtIAI,13.789089999999998,,247.480086
802Sj000004BCgKIAW,220.206,,
802Sj000004BCgLIAW,225.449,,
802Sj000004BCgMIAW,225.449,,
802Sj000004BCgNIAW,225.449,,
802Sj000004BCgOIAW,220.206,,
802Sj000004BCgPIAW,199.234,,
802Sj000004BCgQIAW,62.916000000000004,,
802Sj000004MHeFIAW,0.0,,
802Sj0000056UOjIAM,419.44,,
802Sj000005BIA1IAO,157.29,,
802Sj000005BGrOIAW,157.29,,
802Sj000005BGrPIAW,73.402,,
802Sj000005BGrQIAW,131.075,,
802Sj000005BNPpIAO,157.29,,
802Sj000005BJCYIA4,157.29,,
802Sj000005BNxhIAG,157.29,,
802Sj000005Mn0pIAC,487.599,,283.12199999999996
802Sj000005SXKkIAO,267.39300000000003,,
802Sj000005TYcyIAG,259.0042,,
802Sj000005tx1NIAQ,471.87,,
802Sj000006q3wDIAQ,293.608,,
802Sj000006q3wEIAQ,175.1162,,
802Sj000006q3wFIAQ,41.943999999999996,,
802Sj000006q3wGIAQ,52.43,,
802Sj0000089HMsIAM,431.2,,215.6
802Sj0000089HMtIAM,1249.5,,
802Sj000008FS4HIAW,89.131,,89.131
802Sj000008FrCHIA0,193.99099999999999,,
802Sj000008FrCIIA0,398.468,,
802Sj000008HE3bIAG,707.805,,225.449
802Sj000008HE3cIAG,209.72,,
802Sj000008cH3KIAU,78.645,,
802Sj000008cH3LIAU,104.86,,
802Sj000008cH3MIAU,30.4094,,30.4094
802Sj000008uvYTIAY,112.2002,,
802Sj000008uvYUIAY,251.66400000000002,,
802Sj000009ctXlIAI,47.04,,
802Sj000009cuOzIAI,47.04,,
802Sj00000A4PlGIAV,147.0,,
802Sj00000ABO1FIAX,563.5,,361.62
802Sj00000ABO1GIAX,19.6,,
802Sj00000ABO1HIAX,78.4,,
802Sj00000AR2OBIA1,279.3,,
802Sj00000BY6KwIAL,478.24,,
802Sj00000BkxtCIAR,458.64,,
802Sj00000C2AsRIAV,167.57999999999998,,
802Sj00000CJbWQIA1,431.2,,107.8
802Sj00000CY9pxIAD,263.62,,
802Sj00000DtDN5IAN,496.86,,
802Sj00000E76BtIAJ,122.5,,
802Sj00000E76BuIAJ,39.2,,
802Sj00000E76BvIAJ,19.6,,
802Sj00000E76BwIAJ,25.48,,
802Sj00000F5JRIIA3,258.71999999999997,,
802Sj00000FhmWzIAJ,392.0,,
802Sj00000FhmX0IAJ,117.6,,
802Sj00000FhmX1IAJ,35.28,,
802Sj00000FhmX2IAJ,305.76,,
802Sj00000FhmX3IAJ,0.0,,
802Sj00000FjkSgIAJ,83.3,,83.3
802Sj00000FmJNtIAN,0.0,,
802Sj00000FmJNuIAN,1073.1,,
802Sj00000FmJNvIAN,2690.1,,
8024H00000R9VerQAF,125.50693399999999,,125.50693399999999
8024H00000R9VesQAF,0.0,,9.605176
8024H00000R9VetQAF,0.0,,9.605176
8024H00000R9ibfQAB,0.0,,
8024H00000R9ic4QAB,0.0,,151.323466
8024H00000R9ic5QAB,0.0,,116.04856199999999
8024H00000R9ic6QAB,0.0,,6.826386
8024H00000R9ic7QAB,0.0,,11.37731
8024H00000R9ic8QAB,0.0,,15.41442
8024H00000R9ic9QAB,268.07459,,
8024H00000R9icAQAR,16.012121999999998,,174.07808599999998
8024H00000R9icYQAR,221.862788,,
8024H00000R9icZQAR,286.351688,,
8024H00000R9icaQAB,80.2179,,
8024H00000R9icbQAB,155.30028149999998,,
8024H00000R9iccQAB,155.30028149999998,,
8024H00000R9icdQAB,277.270812,,
8024H00000RxSX8QAN,0.0,,
8024H00000Ry4evQAB,129.271408,,129.271408
8024H00000SjCMUQA3,403.323018,,134.441006
8024H00000SjVn8QAF,17.5322,,17.5322
8024H00000SjVn9QAF,28.880599999999998,,28.880599999999998
8024H00000SjVnAQAV,22.6968,,22.6968
8024H00000SjVnBQAV,23.7258,,23.7258
8024H00000SjVnCQAV,12.3774,,12.3774
8024H00000SjVnDQAV,27.8516,,27.8516
8024H00000SjVnEQAV,283.6512,,283.6512
8024H00000USGHFQA5,480.07995,,
8024H00000UVCF5QAP,0.0,134.0934,
8028e000000wu6SAAQ,406.455,,
8028e000000pUFbAAM,329.28,,
8028e000000mYcQAAU,340.06,,
8028e000000macvAAA,13.994399999999999,,180.9276
8028e000000macwAAA,18.9924,,219.912
8028e000000mcaqAAA,174.93,,
8028e000000mcarAAA,39.616499999999995,,
8028e000000mcasAAA,73.5,,
8028e000000mcatAAA,236.67,,
8028e000000mcauAAA,0.0,171.5,
8028e000000mcavAAA,164.64,,144.06
8028e000000mcawAAA,26.46,,
8028e000000mcaxAAA,252.105,,
8028e000000mcayAAA,61.74,,
8028e000000mcazAAA,77.175,,
8028e000000mcb5AAA,246.00155999999998,,
8028e000000mcb6AAA,0.0,187.17510000000001,
8028e000000mcb7AAA,179.688096,,157.227084
8028e000000mcb8AAA,264.24719999999996,,
8028e000000mcb9AAA,66.06179999999999,,
8028e000000mcbAAAQ,77.07209999999999,,
8028e000000mcbBAAQ,82.57725,,
8028e000000mcbCAAQ,187.17510000000001,,
8028e000000mcbDAAQ,42.389655,,
8028e000000mcbEAAQ,30.325512,,
8028e000000mfmcAAA,338.01620999999994,,
8028e000000mfmdAAA,774.9154,,
8028e000000mfmeAAA,451.4223,,
8028e000000mfmfAAA,561.0010000000001,,191.8938
8028e000000mfmgAAA,0.0,181.82724000000002,
8028e000000mfmhAAA,161.4844,,
8028e000000mfmiAAA,125.51742,,
8028e000000npYSAAY,0.0,458.9928,
8028e000000oGZ0AAM,338.01620999999994,,
8028e000000oGZ1AAM,813.66117,,
8028e000000oGZ2AAM,451.4223,,
8028e000000oGZ3AAM,536.8832,,191.8938
8028e000000oGZ4AAM,161.4844,,
8028e000000oGZ5AAM,125.51742,,
8028e000000oGZ6AAM,54.5272,,
8028e000000oGZ7AAM,0.0,178.262,
8028e000001i2P7AAI,416.063508,,
8028e000001qUrLAAU,0.0,129.94799999999998,
8028e000001qYsSAAU,9.261,,
8028e000001qYsTAAU,0.0,,162.68
8028e000001rck3AAA,131.99776799999998,,
8028e000002inv9AAA,66.885,,
8028e000002invAAAQ,52.479,,
8028e000002yTHeAAM,772.4947999999999,,155.3398
8028e000002yTHfAAM,152.292,,
8028e000004O26BAAS,578.2,,191.1
8028e000004cKjoAAE,582.9824,,146.76479999999998
8028e000004dedjAAA,499.8,,
8028e000004fCmxAAE,0.0,128.34864,
8028e000005A3NnAAK,0.0,98.0,
8028e000005LCB7AAO,0.0,141.12,
8028e000005dUwvAAE,715.4,,
8028e000005ejzUAAQ,26.215,,
8028e000005ejzVAAQ,638.5974,,
8028e000005ejzWAAQ,47.187,,
8028e000006C8ifAAC,1383.76,,196.0
8028e000006C8igAAC,87.22,,
8028e0000070UYaAAM,31.4874,,31.4874
8028e000007Hg8EAAS,201.88,,
8028e000007Hg8FAAS,63.699999999999996,,
8028e000007Hg8GAAS,490.0,,
8028e000007RzlJAAS,188.9244,,188.9244
8028e000008BLT2AAO,23.530583999999998,,23.530583999999998
8028e000000BwiGAAS,170.93159999999997,,170.93159999999997
8028e000009AWE2AAO,39.983999999999995,,39.983999999999995
8028e000009Z4USAA0,39.2,,
8028e000009Z4UTAA0,41.16,,
8028e000009Z4UUAA0,69.58,,
8028e000009Z4UVAA0,371.42,,371.42
802Sj000000FVTJIA4,235.2,,
802Sj000000FVY9IAO,544.88,,
802Sj000000GIPGIA4,125.44,,125.44
802Sj000000HbKvIAK,313.6,,
802Sj000000NshFIAS,14.7,,14.7
802Sj000000NshGIAS,14.994,,14.994
802Sj000000NshHIAS,186.2,,186.2
802Sj000000NshIIAS,21.56,,21.56
802Sj0000011tjRIAQ,202.85999999999999,,
802Sj0000011tjSIAQ,72.52,,
802Sj000001bmGRIAY,39.2,,78.4
802Sj000001vxAwIAI,802.179,,162.533
802Sj000001vxAxIAI,151.9,,
802Sj000002GFoNIAW,84.28,,84.28
802Sj000002GFoOIAW,88.2,,
802Sj000002H4cQIAS,632.1,,
802Sj000002LK94IAG,18.62,,18.62
802Sj000002V8eTIAS,199.234,,
802Sj000002W7ExIAK,2205.0,,440.98040000000003
802Sj000002zMHAIA2,277.879,,99.617
802Sj0000031Dj3IAE,857.5,,210.7
802Sj0000031Dj4IAE,171.5,,
802Sj0000031Dj5IAE,44.1,,
802Sj000003HxegIAC,1577.8,,225.4
802Sj000003K2jwIAC,2867.48,,
802Sj000003sqCnIAI,183.505,,
802Sj000003sqCoIAI,73.402,,
802Sj000003zSDlIAM,466.62699999999995,,
802Sj0000041GRsIAM,838.88,,1048.6
802Sj000004KvZJIA0,471.87,,
802Sj000004KvZKIA0,298.851,,
802Sj000004POGAIA4,0.0,,214.963
802Sj000004POGBIA4,9.17525,,
802Sj000004Po2ZIAS,638.5974,,
802Sj000004Po2aIAC,47.187,,
802Sj000004yAtRIAU,44.041199999999996,,44.041199999999996
802Sj000005XKQ9IAO,256.907,,
802Sj000005gGdOIAU,27.2636,,27.2636
802Sj000006h96mIAA,188.748,,
802Sj000006h96nIAA,77.5964,,
802Sj000006r8tdIAA,309.337,,
802Sj000007N2ZlIAK,414.19699999999995,,
802Sj000007N2ZmIAK,52.43,,
802Sj000008E6YoIAK,752.64,,
802Sj000008zd1RIAQ,288.365,,36.701
802Sj000009NlaYIAS,16.7776,,
802Sj000009NlaZIAS,15.2047,,
802Sj000009NlaaIAC,15.729000000000001,,
802Sj000009NlabIAC,60.8188,,
802Sj000009NlacIAC,15.729000000000001,,
802Sj000009crarIAA,47.04,,
802Sj000009cthRIAQ,47.04,,
802Sj000009ctJGIAY,47.04,,
802Sj000009ctuLIAQ,47.04,,
802Sj000009ctUZIAY,47.04,,
802Sj000009cfrOIAQ,47.04,,
802Sj000009jVc1IAE,24.5,,24.5
802Sj000009o4hZIAQ,11.76,,
802Sj000009o4haIAA,7.84,,
802Sj000009uRYGIA2,0.0,167.57999999999998,
802Sj000009uRYHIA2,168.56,,18.62
802Sj000009uRYIIA2,168.56,,171.5
802Sj000009uRYJIA2,107.8,,147.0
802Sj00000AaiBGIAZ,139.16,,
802Sj00000AaiBHIAZ,175.42,,
802Sj00000AvvwiIAB,372.4,,
802Sj00000AvzPDIAZ,235.2,,
802Sj00000AvzPEIAZ,427.18199999999996,,
802Sj00000BJ7kDIAT,59.78,,59.78
802Sj00000C8rBWIAZ,5.88,,
802Sj00000C8rppIAB,153.85999999999999,,
802Sj00000D8DwfIAF,134.75,,135.24
802Sj00000DHid4IAD,746.956,,149.3912
802Sj00000DHid5IAD,151.9,,
802Sj00000EDEgOIAX,674.24,,674.24
802Sj00000EDEgPIAX,61.74,,
802Sj00000EkIBZIA3,238.14,,
802Sj00000Er6s2IAB,25.48,,25.48
802Sj00000EuaTlIAJ,9.8,,
802Sj00000EuaTmIAJ,7.84,,
802Sj00000EuaTnIAJ,11.76,,255.3488
802Sj00000EuaToIAJ,9.8,,190.9138
802Sj00000EuaTpIAJ,75.46,,
802Sj00000EuaTqIAJ,181.29999999999998,,
802Sj00000EyId8IAF,202.85999999999999,,202.85999999999999
802Sj00000F0KpKIAV,193.3932,,
802Sj00000F04CkIAJ,7.84,,
802Sj00000F04ClIAJ,181.29999999999998,,
802Sj00000F04CmIAJ,9.8,,107.8
802Sj00000F04CnIAJ,10.29,,245.0
802Sj00000F04CoIAJ,7.84,,225.4
802Sj00000F04CpIAJ,0.0,,
802Sj00000F04CqIAJ,0.0,,
802Sj00000FHH8iIAH,202.85999999999999,,202.85999999999999
802Sj00000FpW6rIAF,16.66,,16.66
802Sj00000FsXj7IAF,766.36,,153.2818
802Sj00000FsXj8IAF,153.85999999999999,,
8024H00000R9ic2QAB,215.03115899999997,,
8024H00000R9ic3QAB,299.228496,,
8024H00000R9icBQAR,156.34626,,
8024H00000R9icCQAR,244.2965364,,
8024H00000R9icDQAR,239.164688,,
8024H00000R9icEQAR,309.80887,,
8024H00000R9icFQAR,319.30918599999995,,145.60859599999998
8024H00000R9icGQAR,187.17510000000001,,
8024H00000R9icQQAR,155.30028149999998,,
8024H00000R9icRQAR,155.30028149999998,,
8024H00000R9icSQAR,169.6356921,,191.138808
8024H00000R9icTQAR,252.911834,,
8024H00000R9icUQAR,0.0,150.862082,
8024H00000R9icVQAR,59.728256,,
8024H00000R9icWQAR,102.7628,,
8024H00000R9icXQAR,270.779978,,
8024H00000R9iceQAB,104.818056,,
8024H00000R9icfQAB,155.30028149999998,,
8024H00000R9icgQAB,155.30028149999998,,
8024H00000R9ichQAB,0.0,164.504368,
8024H00000R9iciQAB,76.0235,,
8024H00000R9icjQAB,219.10497,,
8024H00000RxY2JQAV,173.029486,,194.65161799999998
8024H00000RxY2KQAV,164.05347,,
8024H00000Ry3EKQAZ,1193.1304,,
8024H00000Ry3ELQAZ,130.17340000000002,,
8024H00000Ry3EMQAZ,266.07,,
8024H00000Ry3ENQAZ,66.885,,
8024H00000Ry3EOQAZ,51.449999999999996,,
8024H00000Ry3EPQAZ,77.175,,
8024H00000Ry3EQQAZ,51.449999999999996,,
8024H00000Ry3ERQAZ,11.27,,
8024H00000Ry3ESQAZ,30.38,,
8024H00000Ry3ETQAZ,36.26,,
8024H00000QDjRhQAL,138.289368,,177.00368
8024H00000QDjRiQAL,138.289368,,177.00368
8024H00000QDjRjQAL,0.0,200.81738599999997,
8024H00000QDjRkQAL,373.993676,,187.321904
8024H00000QDjRlQAL,0.0,,
8024H00000QDjRmQAL,170.754024,,
8024H00000QDjRnQAL,83.426616,,178.744356
8024H00000QDjRoQAL,16.599338,,
8024H00000QDjRpQAL,7.203882,,
8024H00000QDokjQAD,83.426616,,180.547948
8024H00000QDokkQAD,134.965306,,
8024H00000QDoklQAD,6.637638,,
8024H00000QDokmQAD,16.599338,,
8024H00000QDoknQAD,0.0,173.732048,
8024H00000QDokoQAD,346.373552,,172.65198999999998
8024H00000QDokpQAD,138.289368,,177.00368
8024H00000QDokqQAD,162.44911199999999,,180.547948
8024H00000QDokrQAD,0.0,149.352098,
8024H00000QDoksQAD,55.31365,,
8024H00000QDoktQAD,283.12199999999996,,
8024H00000QDokuQAD,71.912988,,
8024H00000QE2uBQAT,236.37541199999998,,
8024H00000QFV7zQAH,225.4,,
8024H00000QFV80QAH,196.0,,
8024H00000QFV81QAH,284.2,,
8024H00000QFV82QAH,289.1,,
8024H00000QFV83QAH,269.5,,132.3
8024H00000ShwF6QAJ,211.56553599999998,,
8024H00000SjSjPQAV,1.6567880000000001,,
8024H00000SjSjQQAV,38.72479799999999,,
8024H00000SjSjRQAV,298.69370999999995,,
8024H00000TJNrxQAH,0.0,62.034,
8024H00000TLSu4QAH,0.0,,
8024H00000TM18LQAT,4.425091999999999,,4.425091999999999
8028e000000wkRbAAI,543.6152119999999,,171.82359599999998
8028e000000wkx2AAA,369.1072,,
8028e000000wkx3AAA,78.17313,,
8028e000000wkx7AAA,67.1104,,
8028e000000wkx8AAA,78.17313,,
8028e000000wmeVAAQ,293.16758799999997,,85.188264
8028e000000wrxMAAQ,165.424,,160.2594
8028e000000wsjVAAQ,195.412,,195.412
8028e000000pUCcAAM,19.252295999999998,,248.140704
8028e000000pUCdAAM,12.834864,,206.427396
8028e000000mYDGAA2,0.0,,
8028e000000mYa0AAE,113.4644,,226.919
8028e000000mfmjAAA,54.5272,,
8028e000000ms3vAAA,362.165468,,153.46261
8028e000000nG94AAE,43.4238,,
8028e000000nG95AAE,12.4068,,
8028e000000nLsrAAE,82.712,,165.424
8028e000000npaNAAQ,493.92,,123.48
8028e0000025thOAAQ,344.77968,,
8028e000002HPNGAA4,31.017,,
8028e0000032qKCAAY,401.8,,88.2
8028e0000032qKDAAY,529.2,,132.3
8028e0000035F5GAAU,107.37664,,214.75328
8028e0000036vlUAAQ,219.26226,,
8028e000003UhekAAC,569.7719999999999,,139.94400000000002
8028e000003bkENAAY,333.2,,
8028e000003bl0WAAQ,33.156732,,230.07332599999998
8028e000003bl0XAAQ,11.765291999999999,,205.882124
8028e000003bl0YAAQ,393.22499999999997,,125.83200000000001
8028e000003bl8EAAQ,367.5,,117.6
8028e000003bmUvAAI,333.2,,
8028e000003boucAAA,15.4938,,215.02179999999998
8028e000003boudAAA,10.9956,,192.4132
8028e000003ofSRAAY,245.0,,
8028e000003ofSSAAY,439.824,,
8028e000003ofSTAAY,264.6,,
8028e000003ofSUAAY,421.4,,122.5
8028e000003ofSVAAY,429.82800000000003,,124.95
8028e000003qVh9AAE,421.4,,122.5
8028e000003qVhAAAU,421.4,,122.5
8028e000003qVhBAAU,245.0,,
8028e000003qVhCAAU,431.2,,
8028e000003qVhDAAU,264.6,,
8028e0000046ch7AAA,0.0,,5390.0
8028e0000046ch8AAA,49.98,,
8028e0000046ch9AAA,461.58,,
8028e0000046chAAAQ,207.76,,
8028e000004CGzuAAG,401.0895,,128.34864
8028e000004CkETAA0,252.84,,
8028e000004dPdIAAU,100.94,,201.88
8028e000004zx2FAAQ,0.0,141.12,
8028e000005HWMKAA4,210.7,,80.36
8028e000005pHVgAAM,249.9,,
8028e000005pHVhAAM,0.0,169.93200000000002,
8028e000005qE49AAE,249.9,,
8028e000005qGBRAA2,393.22499999999997,,125.83200000000001
8028e000005sfYMAAY,401.0895,,128.34864
8028e00000686eFAAQ,53.9,,
8028e00000686eGAAQ,115.64,,
8028e000006L7f1AAC,339.86400000000003,,
8028e000006L7f2AAC,0.0,,
8028e000006bpdeAAA,1244.6,,
8028e000006lF3yAAE,196.0,,
8028e000006lF3zAAE,196.0,,
8028e000002qBqEAAU,1244.6,,
8028e0000070e4TAAQ,0.0,,4900.0
8028e0000070e4UAAQ,98.0,,
8028e0000070e4VAAQ,149.94,,
8028e0000070eXAAAY,109.75999999999999,,
8028e0000070eXBAAY,51.94,,
8028e0000070eXCAAY,47.04,,
8028e0000070eXDAAY,485.09999999999997,,
8028e00000712MfAAI,254.89800000000002,,
8028e00000712RYAAY,344.86199999999997,,
8028e0000071PaQAAU,289.1,,
8028e000007Hef0AAC,10.160934,,
8028e000007Hef1AAC,20.321868,,176.47938
8028e000007Hef2AAC,46.369091999999995,,213.9144
8028e000007Hef3AAC,178.262,,1174.432
8028e000007Hef4AAC,44.1,,
8028e000007Hef5AAC,36.701,,
8028e000007h6b0AAA,429.82800000000003,,
8028e000008AxtaAAC,220.331832,,69.52218
8028e000000Ae49AAC,347.8608,,
802Sj0000006o6zIAA,486.65526,,160.4358
802Sj000000IJsFIAW,294.845348,,
802Sj000000sxzBIAQ,704.6591999999999,,
802Sj000000wvcDIAQ,670.076372,,163.68645999999998
802Sj000000wvcEIAQ,260.870708,,
802Sj000001J58JIAS,417.13308,,
802Sj000001yhnuIAA,842.8,,
802Sj000002CoJGIA0,393.22499999999997,,209.72
802Sj000002GGe0IAG,84.28,,84.28
802Sj000002GGe1IAG,88.2,,
802Sj000002HexZIAS,93.1,,186.2
802Sj000003EaczIAC,503.32800000000003,,167.77599999999998
802Sj000004BORJIA4,857.5,,210.7
802Sj000004BORKIA4,171.5,,
802Sj000004BORLIA4,44.1,,
802Sj000005SNoPIAW,424.683,,
802Sj000005VQ8EIAW,15.68,,
802Sj000005VQ8FIAW,18.13,,
802Sj0000063OK8IAM,486.65526,,160.4358
802Sj0000063r7ZIAQ,44.82765,,179.3106
802Sj0000063r7aIAA,17.039749999999998,,68.15899999999999
802Sj0000063r7bIAA,33.5552,,
802Sj0000063r7cIAA,47.187,,
802Sj0000063r7dIAA,19.923399999999997,,
802Sj0000063r7eIAA,39.3225,,
802Sj000007zmTXIAY,660.618,,
802Sj000007zmTYIAY,1.3107499999999999,,
802Sj000009ib57IAA,47.04,,
802Sj000009l5OtIAI,117.6,,235.2
802Sj00000AIFfaIAH,448.84,,
802Sj00000AmiSQIAZ,0.0,215.6,
802Sj00000CaMb1IAF,12.74,,
802Sj00000CaMb2IAF,6.859999999999999,,
802Sj00000D4L9dIAF,235.2,,
802Sj00000DNYmLIAX,538.02,,
802Sj00000DNYmMIAX,235.2,,
802Sj00000Eua3yIAB,9.8,,
802Sj00000Eua3zIAB,7.84,,
802Sj00000Eua40IAB,11.27,,225.4
802Sj00000Eua41IAB,7.35,,176.4
802Sj00000Eua42IAB,0.0,,
802Sj00000Eua43IAB,0.0,,
802Sj00000Eua44IAB,75.46,,
802Sj00000Eua45IAB,181.29999999999998,,
802Sj00000Eua46IAB,0.0,,
802Sj00000Fdk0kIAB,0.0,147.0,
802Sj00000FsSgGIAV,68.6,,
802Sj00000FsSgHIAV,2.45,,
8028e000007UN7nAAG,259.7,,
8028e000007av5lAAA,234.90599999999998,,
8028e000007av5mAAA,191.1,,
8028e000007av5nAAA,225.4,,
8028e00000804uxAAA,244.90200000000002,,
8028e000008HtV7AAK,142.1,,
8028e000008HtV8AAK,142.1,,
8028e000008X1rtAAC,387.09999999999997,,
8028e000008X1ruAAC,387.09999999999997,,
8028e000008YUTlAAO,284.2,,
8028e000008kwj7AAA,235.9056,,
8028e000008kwj8AAA,219.51999999999998,,
8028e000008lyhTAAQ,294.88199999999995,,
8028e000008m2UdAAI,289.884,,
8028e000000BIXMAA4,392.0,,126.8218
8028e000000BLBzAAO,323.8704,,
8028e000009AgDqAAK,1817.8999999999999,,
8028e000009EprJAAS,231.28,,
802Sj0000002zYrIAI,203.84,,
802Sj0000002zYsIAI,145.04,,
802Sj00000039efIAA,206.3782,,
802Sj00000039egIAA,206.3782,,
802Sj0000006nqrIAA,442.96,,147.0
802Sj0000006oa1IAA,451.8192,,149.94
802Sj0000007T6wIAE,24.5,,
802Sj000000De66IAC,337.8648,,
802Sj000000IuRxIAK,276.8304,,
802Sj000000Pj1zIAC,229.908,,
802Sj000000PlDRIA0,196.0,,
802Sj000000QjUXIA0,233.9064,,73.9704
802Sj000000bYE1IAM,254.79999999999998,,
802Sj000000bYE2IAM,1.323,,
802Sj000000eWqnIAE,527.7887999999999,,170.93159999999997
802Sj000000eWqoIAE,685.02,,167.57999999999998
802Sj000000jxaDIAQ,229.32,,72.52
802Sj000000kONVIA2,445.9,,147.0
802Sj000000ldfRIAQ,669.0165999999999,,167.2566
802Sj000000nUUnIAM,1009.596,,
802Sj000000nUUoIAM,161.7,,
802Sj000000nVnRIAU,544.88,,
802Sj000000sildIAA,411.59999999999997,,
802Sj000000yACbIAM,327.8688,,
802Sj0000016dirIAA,341.04,,
802Sj0000017mqXIAQ,715.4,,
802Sj0000017mqYIAQ,259.7,,
802Sj0000019cDdIAI,419.832,,134.946
802Sj000001PcWAIA0,367.5,,
802Sj000001PeBTIA0,367.5,,
802Sj000001PaiuIAC,325.066,,
802Sj000001PaivIAC,259.7,,
802Sj000001TIlmIAG,479.808,,159.93599999999998
802Sj000001WQgQIAW,250.6154,,
802Sj000001tPGXIA2,254.79999999999998,,
802Sj0000024jiAIAQ,382.2,,
802Sj0000025a8QIAQ,186.2,,
802Sj0000025a8RIAQ,200.9,,
802Sj0000025a8SIAQ,117.6,,
802Sj0000025a8TIAQ,68.6,,
802Sj0000026QMrIAM,340.795,,
802Sj000002AUyDIAW,377.3,,
802Sj000002AUyEIAW,53.9,,
802Sj000002AUyFIAW,119.56,,
802Sj000002N6pyIAC,435.169,,141.56099999999998
802Sj000002OirZIAS,453.25,,151.9
802Sj000002QOC2IAO,245.0,,
802Sj000002VNlbIAG,450.8,,151.9
802Sj000002VNlcIAG,431.2,,
802Sj000002WtgBIAS,377.496,,
802Sj000002dDicIAE,279.3,,
802Sj000002h6XGIAY,230.29999999999998,,88.2
802Sj000002ylvmIAA,44.1,,
802Sj000002ylvnIAA,225.4,,
802Sj000003F8gJIAS,39.2,,
802Sj000003F8gKIAS,171.5,,
802Sj000003RSmUIAW,272.63599999999997,,
802Sj000003xsHCIAY,671.1039999999999,,167.77599999999998
802Sj0000043BHZIA2,356.524,,
802Sj0000043LVSIA2,335.55199999999996,,
802Sj0000047FxhIAE,503.32800000000003,,167.77599999999998
802Sj000004BaM1IAK,304.094,,
802Sj000004BkV3IAK,509.59999999999997,,186.2
802Sj000004Bjp8IAC,272.63599999999997,,
802Sj000004Ha3BIAS,555.758,,
802Sj000004NP9wIAG,41.943999999999996,,
802Sj000004NP9xIAG,183.505,,
802Sj000004NP9yIAG,256.907,,
802Sj000004R6a7IAC,629.16,,
802Sj000004XFFhIAO,477.113,,
802Sj000004XLjJIAW,419.44,,
802Sj000004aINVIA2,235.935,,
802Sj000004fqpxIAA,377.496,,
802Sj000004fbhKIAQ,178.262,,
802Sj000004fbhLIAQ,73.402,,
802Sj000004kTkfIAE,473.9672,,
802Sj000004lUTOIA2,304.094,,
802Sj000004vDHZIA2,398.468,,
802Sj000004wWZxIAM,83.3637,,83.3637
802Sj0000050TVNIA2,204.477,,
802Sj0000050TVOIA2,73.402,,
802Sj000005VH3MIAW,309.337,,
802Sj000005XNcWIAW,314.58,,
802Sj000005kdMsIAI,272.63599999999997,,
802Sj000005kdMtIAI,314.58,,
802Sj000005kdMuIAI,393.22499999999997,,
802Sj000005kdMvIAI,676.347,,
802Sj000005mvtzIAA,131.075,,
802Sj000005mvu0IAA,293.608,,
802Sj000005vdo9IAA,288.365,,
802Sj000005vdoAIAQ,57.673,,
802Sj000005vdoBIAQ,127.9292,,
802Sj000005vySnIAI,333.2,,
802Sj000005w5R3IAI,83.88799999999999,,83.88799999999999
802Sj000005w6tNIAQ,83.3637,,83.3637
802Sj0000066hmnIAA,267.39300000000003,,
802Sj0000068CwbIAE,319.82300000000004,,
802Sj000006A9D3IAK,435.169,,141.56099999999998
802Sj000006Pe3gIAC,608.188,,
802Sj000006Pct4IAC,314.58,,
802Sj000006Pct5IAC,508.571,,173.019
802Sj000006Pct6IAC,602.9449999999999,,
802Sj000006h2hSIAQ,199.234,,
802Sj000006h2hTIAQ,127.9292,,
802Sj000006h2hUIAQ,73.402,,
802Sj000006h0uJIAQ,199.234,,
802Sj000006h0uKIAQ,127.9292,,
802Sj000006h0uLIAQ,73.402,,
802Sj000006h32PIAQ,127.9292,,
802Sj000006h32QIAQ,73.402,,
802Sj000006h32RIAQ,199.234,,
802Sj000006glonIAA,127.9292,,
802Sj000006glooIAA,73.402,,
802Sj000006glopIAA,199.234,,
802Sj000006h4GDIAY,199.234,,
802Sj000006h4GEIAY,127.9292,,
802Sj000006h4GFIAY,73.402,,
802Sj000006jOHFIA2,608.188,,148.9012
802Sj000006jOHGIA2,358.6212,,90.1796
802Sj000006mLedIAE,0.0,,
802Sj000006mLeeIAE,0.0,,
802Sj000006mLefIAE,0.0,,
802Sj000006nfzWIAQ,657.4721999999999,,164.6302
802Sj000006w30UIAQ,83.88799999999999,,83.88799999999999
802Sj000006wALKIA2,473.9672,,
802Sj000006yBgHIAU,173.019,,
802Sj0000070yplIAA,387.98199999999997,,
802Sj0000070ypmIAA,387.98199999999997,,
802Sj0000072K6fIAE,508.571,,167.77599999999998
802Sj0000072K6gIAE,0.0,173.019,
802Sj0000072S4DIAU,102.89999999999999,,
802Sj0000072S4EIAU,235.2,,
802Sj0000072LiiIAE,102.89999999999999,,
802Sj0000072LijIAE,235.2,,
802Sj0000072SPBIA2,112.7,,
802Sj0000072SPCIA2,256.76,,
802Sj0000072SSPIA2,112.7,,
802Sj0000072SSQIA2,235.2,,
802Sj0000072SU1IAM,102.89999999999999,,
802Sj0000072SU2IAM,235.2,,
802Sj0000072OtSIAU,102.89999999999999,,
802Sj0000072OtTIAU,235.2,,
802Sj0000072SVdIAM,235.2,,
802Sj0000074j0vIAA,112.7,,
802Sj0000074hAYIAY,102.89999999999999,,
802Sj000007FiMTIA0,419.44,,
802Sj000007G5HRIA0,193.99099999999999,,
802Sj000007WKPPIA4,0.0,,
802Sj000007baIDIAY,274.73319999999995,,
802Sj000007lRIUIA2,330.309,,
802Sj000007labtIAA,513.814,,141.56099999999998
802Sj0000089hdpIAA,387.98199999999997,,
802Sj000008HagoIAC,781.207,,204.477
802Sj000008JEPFIA4,298.851,,
802Sj000008JEPGIA4,93.1,,
802Sj000008JcJYIA0,3418.4359999999997,,
802Sj000008PkeDIAS,125.83200000000001,,
802Sj000008PkeEIAS,160.4358,,
802Sj000008PkeFIAS,251.66400000000002,,
802Sj000008aRrZIAU,707.805,,168.8246
802Sj000008mHI6IAM,616.5767999999999,,
802Sj000008o3FtIAI,235.2,,
802Sj000008o3FuIAI,107.8,,
802Sj000008oEKvIAM,107.8,,
802Sj000008nykrIAA,107.8,,
802Sj000008nyksIAA,235.2,,
802Sj000008oDK3IAM,107.8,,
802Sj000008oDK4IAM,235.2,,
802Sj000008o7EfIAI,107.8,,
802Sj000008o7EgIAI,235.2,,
802Sj000008oEJKIA2,235.2,,
802Sj0000095gXoIAI,540.029,,173.019
802Sj00000A4DIfIAN,176.4,,
802Sj00000AvUNfIAN,10.78,,205.33939999999998
802Sj00000AvUNgIAN,12.74,,
802Sj00000AvUNhIAN,5.88,,
802Sj00000BXxsbIAD,326.34,,
802Sj00000BwTZZIA3,131.32,,
802Sj00000DsOp3IAF,669.34,,155.82
802Sj00000DsOp4IAF,377.3,,
802Sj00000DtinKIAR,669.34,,155.82
802Sj00000EuxjhIAB,193.06,,
802Sj000008oEKwIAM,235.2,,
802Sj000008oGGHIA2,102.89999999999999,,
802Sj000008oGGIIA2,235.2,,
802Sj000008oGGJIA2,102.89999999999999,,
802Sj000008oH7VIAU,107.8,,
802Sj000008oH7WIAU,235.2,,
802Sj000008wA5fIAE,89.131,,
802Sj000008vyu9IAA,89.131,,
802Sj000008w5E4IAI,89.131,,
802Sj000008w5p9IAA,89.131,,
802Sj000008wHALIA2,89.131,,
802Sj000008wHK1IAM,89.131,,
802Sj0000097dakIAA,7.8645000000000005,,
802Sj0000097dalIAA,13.6318,,
802Sj000009DvZZIA0,10.485999999999999,,
802Sj000009DvZaIAK,14.6804,,
802Sj000009FVccIAG,508.571,,173.019
802Sj000009HheTIAS,314.58,,
802Sj000009VIrVIAW,210.7,,
802Sj00000A8KGlIAN,392.0,,
802Sj00000A9coKIAR,0.0,179.34,
802Sj00000ACfG9IAL,627.2,,156.8
802Sj00000ASKJ2IAP,317.9022,,
802Sj00000AiYcvIAF,628.18,,155.5554
802Sj00000AixmeIAB,0.0,147.0,
802Sj00000AixmfIAB,209.72,,
802Sj00000ArK4VIAV,284.2,,
802Sj00000B21eQIAR,374.36,,
802Sj00000B21eRIAR,0.8133999999999999,,
802Sj00000B2D9KIAV,112.7,,
802Sj00000BCcuQIAT,15.738799999999998,,232.75
802Sj00000BCcuRIAT,10.29,,196.0
802Sj00000BCcPrIAL,643.86,,159.4264
802Sj00000BLVqVIAX,392.0,,
802Sj00000BSdHpIAL,193.06,,
802Sj00000BSdHqIAL,55.86,,
802Sj00000BSdHrIAL,153.85999999999999,,
802Sj00000BWdnyIAD,526.26,,
802Sj00000BWdnzIAD,90.16,,
802Sj00000BYFceIAH,579.18,,
802Sj00000BYFcfIAH,83.3,,
802Sj00000BYFcgIAH,153.85999999999999,,
802Sj00000BYh2bIAD,279.3,,
802Sj00000BdEsqIAF,459.62,,
802Sj00000BdEsrIAF,459.62,,
802Sj00000BdEssIAF,459.62,,
802Sj00000BdEstIAF,459.62,,
802Sj00000BjjCMIAZ,459.62,,
802Sj00000BkndhIAB,1195.6,,
802Sj00000BkndiIAB,1195.6,,
802Sj00000ByDP9IAN,153.85999999999999,,
802Sj00000ByDPAIA3,331.24,,55.203399999999995
802Sj00000C2vUjIAJ,313.6,,
802Sj00000C2vUkIAJ,251.85999999999999,,
802Sj00000C6o1eIAB,2450.0,,
802Sj00000C6o1fIAB,245.0,,
802Sj00000CLvqpIAD,484.12,,159.32840000000002
802Sj00000CLvqqIAD,392.0,,
802Sj00000CPAoTIAX,484.12,,159.32840000000002
802Sj00000CPAoUIAX,392.0,,
802Sj00000CSrqUIAT,290.08,,
802Sj00000CUXULIA5,10.78,,205.33939999999998
802Sj00000CUXUMIA5,12.74,,
802Sj00000CUXUNIA5,5.88,,
802Sj00000CoEYkIAN,496.86,,155.6534
802Sj00000CoEYlIAN,364.56,,89.64059999999999
802Sj00000CpO4bIAF,921.1999999999999,,
802Sj00000CuFTjIAN,418.46,,
802Sj00000D8QgzIAF,112.7,,
802Sj00000D8Qh0IAF,235.2,,
802Sj00000DCWELIA5,112.7,,
802Sj00000DCWEMIA5,235.2,,
802Sj00000DCjjSIAT,1912.96,,
802Sj00000DCjjTIAT,90.16,,
802Sj00000DCmcTIAT,196.0,,179.34
802Sj00000DCmcUIAT,392.0,,
802Sj00000DDZLSIA5,3136.0,,
802Sj00000DDgrZIAT,343.0,,
802Sj00000DGJopIAH,479.21999999999997,,
802Sj00000DVt3xIAD,1097.6,,117.6
802Sj00000DVt3yIAD,3136.0,,
802Sj00000DX8YnIAL,282.24,,
802Sj00000DdwhPIAR,196.0,,
802Sj00000DirduIAB,418.29339999999996,,
802Sj00000DiwKGIAZ,418.46,,
802Sj00000DizJgIAJ,418.29339999999996,,
802Sj00000DnT6FIAV,669.34,,155.3888
802Sj00000DoGWmIAN,418.29339999999996,,
802Sj00000E1OEmIAN,74.48,,
802Sj00000E1OEnIAN,195.02,,
802Sj00000E8QlFIAV,429.24,,141.0318
802Sj00000Eb1ujIAB,230.29999999999998,,
802Sj00000Ej3rKIAR,9.8,,159.446
802Sj00000FN2RyIAL,372.4,,
802Sj00000FN2RzIAL,801.64,382.9056,52.92
802Sj00000FN2S0IAL,58.8,,
802Sj00000FaRp9IAF,417.48,,
802Sj00000FjjjVIAR,112.7,,
802Sj00000Fr9ULIAZ,298.9,,
802Sj00000FrAv3IAF,484.12,165.4632,159.32840000000002
