<?xml version="1.0" encoding="UTF-8"?>
<PermissionSet xmlns="http://soap.sforce.com/2006/04/metadata">
    <classAccesses>
        <apexClass>ProducerPomAcknowledgeController</apexClass>
        <enabled>true</enabled>
    </classAccesses>
    <classAccesses>
        <apexClass>ProducerPomAcknowledgeControllerTest</apexClass>
        <enabled>true</enabled>
    </classAccesses>
    <classAccesses>
        <apexClass>ValidationQuestionController</apexClass>
        <enabled>true</enabled>
    </classAccesses>
    <classAccesses>
        <apexClass>rlcs_connectedHomePageLinks</apexClass>
        <enabled>true</enabled>
    </classAccesses>
    <fieldPermissions>
        <editable>true</editable>
        <field>Validation_Question__c.Answer__c</field>
        <readable>true</readable>
    </fieldPermissions>
    <fieldPermissions>
        <editable>false</editable>
        <field>Validation_Question__c.Answered__c</field>
        <readable>true</readable>
    </fieldPermissions>
    <fieldPermissions>
        <editable>false</editable>
        <field>Validation_Question__c.Producer_Placed_on_Market__c</field>
        <readable>true</readable>
    </fieldPermissions>
    <flowAccesses>
        <enabled>true</enabled>
        <flow>Producer_Placed_On_Market_Acknowledge_Best_Action</flow>
    </flowAccesses>
    <flowAccesses>
        <enabled>true</enabled>
        <flow>Producer_Placed_On_Market_Signature_Best_Action</flow>
    </flowAccesses>
    <hasActivationRequired>false</hasActivationRequired>
    <label>Customer Community Plus</label>
    <license>Customer Community Plus Login</license>
    <objectPermissions>
        <allowCreate>false</allowCreate>
        <allowDelete>false</allowDelete>
        <allowEdit>false</allowEdit>
        <allowRead>true</allowRead>
        <modifyAllRecords>false</modifyAllRecords>
        <object>Order</object>
        <viewAllFields>false</viewAllFields>
        <viewAllRecords>false</viewAllRecords>
    </objectPermissions>
    <objectPermissions>
        <allowCreate>false</allowCreate>
        <allowDelete>false</allowDelete>
        <allowEdit>false</allowEdit>
        <allowRead>true</allowRead>
        <modifyAllRecords>false</modifyAllRecords>
        <object>Producer_Contract__c</object>
        <viewAllFields>false</viewAllFields>
        <viewAllRecords>false</viewAllRecords>
    </objectPermissions>
    <objectPermissions>
        <allowCreate>false</allowCreate>
        <allowDelete>false</allowDelete>
        <allowEdit>false</allowEdit>
        <allowRead>true</allowRead>
        <modifyAllRecords>false</modifyAllRecords>
        <object>Producer_Obligation_Pricing__c</object>
        <viewAllFields>false</viewAllFields>
        <viewAllRecords>false</viewAllRecords>
    </objectPermissions>
    <objectPermissions>
        <allowCreate>false</allowCreate>
        <allowDelete>false</allowDelete>
        <allowEdit>false</allowEdit>
        <allowRead>true</allowRead>
        <modifyAllRecords>false</modifyAllRecords>
        <object>Producer_Obligation__c</object>
        <viewAllFields>false</viewAllFields>
        <viewAllRecords>false</viewAllRecords>
    </objectPermissions>
    <objectPermissions>
        <allowCreate>true</allowCreate>
        <allowDelete>false</allowDelete>
        <allowEdit>true</allowEdit>
        <allowRead>true</allowRead>
        <modifyAllRecords>false</modifyAllRecords>
        <object>Producer_Placed_on_Market__c</object>
        <viewAllFields>true</viewAllFields>
        <viewAllRecords>false</viewAllRecords>
    </objectPermissions>
    <objectPermissions>
        <allowCreate>true</allowCreate>
        <allowDelete>false</allowDelete>
        <allowEdit>true</allowEdit>
        <allowRead>true</allowRead>
        <modifyAllRecords>false</modifyAllRecords>
        <object>Validation_Question__c</object>
        <viewAllFields>true</viewAllFields>
        <viewAllRecords>false</viewAllRecords>
    </objectPermissions>
    <tabSettings>
        <tab>Producer_Placed_on_Market__c</tab>
        <visibility>Visible</visibility>
    </tabSettings>
</PermissionSet>
